ko,figure,gender_real
가정에서 연주되는 피아노 음악은 바깥 일이 힘든 남편의 편안한 휴식과 자녀들의 심신의 안정을 위해 상류 사회의 지성과 미모를 갖춘 어머니가 하는 일이라는 이미지를 만들어 내고 있었다.,남편,1
>남편분한테 배운 거예요?,남편,1
"제1장 자유 평등으로의 길에서는 '널리 인간을 이롭게/단군', '악법도 법이다/소크라테스', '원수를 사랑하라/예수', '양심은 누구에게 맡길 수 없다/마르틴 루터', '자유 아니면 죽음을 달라/패트릭 헨리', '네 가지 자유/프랭클린 루스벨트 대통령' 등의 연설을 실었다.",예수,1
아내가 남편의 동의를 얻어 다른 남성의 정자를 기증받아 아이를 낳았다면 남편이 아기의 아버지가 되며 그는 이를 거부할 수 없다고 규정했다.,그,1
그의 이런 노력은 그의 사후 두 아들을 통해 지금까지 계속되고 있다.,아들,1
"김일성의 역사적 지위는 고조선의 단군, 고구려의 주몽과 같은 건국의 시조와 같은 역사의 설립자로서 추앙되고, 그의 사망과 함께 주체력을 탄생시켜 사회적 생명으로써 시간성을 연장한다.",단군,1
전기 면담을 통해 참여자는 한 연구자에게 자신이 어떠한 삶의 과정을 거쳐왔고 살아왔는지 솔직하고 허심탄회하게 이야기 하게 된다.,참여자,1
"왕 부장은 이날 오전 베이징(북경) 댜오위타이(조어대) 국빈관 '팡페이위안'(방비원)에서 9·19공동성명 발표 10주년을 계기로 열린 북핵 세미나에 참석, 6자 회담 구성원은 모두 유엔 회원국이라며 이같이 말했다.",왕,1
"대학생 시절 학과 대표 소프트볼 선수이었고, 가정의 평화를 위해서 남편의 야구 관전 취미 생활을 전폭적으로 지지하고 있는 아내 역시 둘도 없는 BBB의 동반자이다.",남편,1
"왕은 포도주와 금, 은으로 만든 빵을 하사하고 다시 돌아와 권좌에 앉는다.",왕,1
제한설은 처가 남편의 자를 임신할 수 없는 이유가 있는 때에는 친생자 추정의 효력을 제한하는 견해이다.,남편,1
슈퍼 전파자 의혹을 받는 환자는 지난 2일 뉴욕주에서 두 번째 확진 판정을 받고 뉴욕시 맨해튼의 한 병원에서 치료 중인 50대 남성 변호사다.,남성,1
"아빠는 집에 오면 늘 엄마에게 뽀뽀를 했고, 엄마는 아빠를 꼭 껴안았다.",아빠,1
"집밖에 전혀 출입을 못하던 AAA의 여자 친구와 그의 아들, 20대 조카 2명은 AAA의 확진 판정 후 나흘이 지난 3일, 소방차와 폐기물 차량이 아파트를 '대청소'한 뒤에야 가택 연금에서 풀려났다.",AAA,1
주인공은 실종된 아버지를 찾기 위해 우주를 가로지르는 기상천외한 모험을 시작합니다.,아버지,1
"그렇지만 그는 ""남편과 함께 한 시간 자체가 예술이었기 때문에 후회하지 않는다""고 말했다.",남편,1
할머니는 암을 이겨내고 삶으로 돌아왔지만 비슷한 시기 암에 걸렸던 남편은 먼저 세상을 떠나고 말았다.,남편,1
원고 측에서는 감정에게 종량을 허락하지 않는다는 고조부 '안돈후의 유서'를 증거로 제출하였다.,고조부,1
"전형적인 중인 산학자 집안 출신으로, 형인 경선여의 아들 경연이 구일집의 저자 홍정하(1684∼1727)의 외조부이기도 하다.",조부,1
사회적으로 그 지위를 인정받는 ‘청소년 한부모 가족’ 모델에 주목하고자 한다.,소년,1
그녀 앞에 나타난 하얀 가면의 팬텀이 크리스틴을 유혹하여 무섭기도 한 극장의 지하의 미로로 납치하기 시작한다.,팬텀,1
"여기에 애인을 잃은 여자가 찾아오고, 자신을 잃을 뻔한 남자도 찾아온다.",자신,1
헤롯왕은 화려한 취향을 갖고 있었으며 오랜 통치 기간에 유대 땅 전역에 거대한 건축물을 지은 것으로 알려져 있다.,왕,1
그녀가 그로부터 40피트 떨어진 곳에 서 있다고 상상해보라.,그,1
"더 충격적인 것은 이 남자아이는 자신의 아버지로 추정되는 한 남자 어른과 같이 있었는데, 어른은 그 남자아이가 나에게 하는 행동을 말리지도 않고 그저 바라만 보고 있었다는 것이다.",남자,1
초 공자 위는 장차 임금을 시해하고 자신이 왕이 되고자 하는 야심이 있어서 왕자 흑굉과 태재를 변방에 나가 성을 쌓게 하고서 자신은 내부에서 일을 진행하려고 했다.,위,1
"폐지를 주워 살아가는 아버지는 병에 걸려 오래 앓고 있는 상태이며, 어린 두 남매는 아버지를 돕기 위해 대신 일을 나선다.",아버지,1
지난 3월 독일에서 치료를 받다가 숨진 UAE 출신의 70대 남성 감염 환자까지 포함하면 UAE와 관련된 신종 코로나바이러스 환자는 2명으로 늘었다.,남성,1
이에 이 글은 효명세자의 생의 흔적과 그의 문화예술 활동이 무엇인지를 살펴보았다.,효명세자,1
"선조(1569년)가 경연에서 ""전등신화""에 대해 언급한 바 있으며, 효종이 봉림대군 시절, 스승 심광수(1598～1662)에게 ""전등신화""의 구절에 대해 묻는 내용이 있다.",봉림대군,1
장애가 심한 아들에게 헤로인을 투약해 숨지게 한 모친의 행위를 놓고 영국 내에서 논란이 일고 있다.,아들,1
AAA 1의 유년 시절은 폭력적인 아버지와 오빠 AAA 2의 폭력으로 불우하였고 두 번의 결혼 생활과 한 번의 동거는 모두 죽음으로 귀결된 기구한 역경의 삶이었다.,AAA 2,1
">그런데 다른 것보다 음악이 뭔지 봤어요, 지금 석진이 형?",형,1
>수근이 형이랑 자주 치고 내가 알고.,수근이,1
프로 야구에 대한 나의 기억은 사실상 나의 청소년기와 함께 한다.,소년,1
남편이 새치가 많거든요.,남편,1
"100만 번째 입장객은 채핀에 거주하는 크레이그 숀이라는 남성으로 숀은 스프링필드시를 상징하는 기념 열쇠와 2번째 임기를 시작하는 블라고야비치 주지사의 취임식 입장권 2매, 그리고 박물관 기념품 센터의 선물 바구니 등을 받았다.",남성,1
실제로 AAA1의 이웃인 AAA2의 경우 아들이 2018년에 특별 영주권을 받게 되면서 온 가족의 신분이 합법화되어 부러움의 대상이 되었다.,아들,1
"BBB는 저장성 후저우에서 지난해 11월 57세 남성이 신종 AI로 입원한 직후 그의 사위도 양성반응을 보인 사례가 있었다며, 남성 환자가 사위에게 옮긴 것으로 의료진이 확인했다고 28일 보도했다.",남성,1
WSJ은 그러나 펠리페 6세가 왕세자 시절 오페라 극장에서 야유를 당하거나 기업인들에게 악수를 거부당하는 수모를 겪으면서도 카탈루냐 지역을 여러차례 방문한 사실을 언급하며 그의 이런 노력을 인정하는 움직임도 있다고 전했다.,펠리페 6세,1
박물관 내부 CCTV에는 이 남성이 티라노사우루스 공룡 두개골의 턱 안쪽에 머리를 넣는 포즈로 사진을 찍는 등 즐거운 시간을 보내는 모습이 담겼다.,남성,1
">아빠의 도전이다, 세 번째.",아빠,1
"기사에는 1988년 안양에서 일어난 공장 화재 사건을 중점적으로 다룬 영화 FFF1, 형인 AAA 감독과 함께 아이폰으로 찍어 베를린 국제 영화제에서 금곰상을 받은 단편 영화 FFF2가 자세하게 소개됐다.",형,1
모찌가 전 아내와의 사이에서 낳은 2살배기 아들이 들러리를 섰다.,모찌,1
여성이 된 올란도는 이름을 이사도라로 바꾸고 어느 멋진 남자를 만나 결혼을 하게 되었고 행복하게 사는 듯했다.,남자,1
"관객들은 '축하해요!', '아들이에요 딸이에요?', '정말 행복하시겠어요', 같은 말을 소리친다.",아들,1
>오빠가 뭇국을 만들었고요.,오빠,1
"그가 '교육학의 아버지'라고 명명되는 이상, 그 특별한 이유는 '교육의 실천'과의 관련 속에서 탐색해야만 할 것이다.",그,1
"미국 인기 여성 래퍼 리조는 BTS와 함께 공연을 즐기는 모습을 인스타그램에 올리면서 ""나와 내 절친들""이라고 소개했다.",리조,1
"진짜 사랑꾼이야, 형.",사랑꾼,1
"아니, 승기 형이 아니나 다를까 옆에서 너무 힘들어하고 계시는 거예요.",형,1
"파라과이 공공사업통신부는 통상적인 '난개발' 방식으로 도시를 조성하려 했으나 NGO 출신의 30대 여성인 주택청 장관이 ""이제는 좀 제대로 하자""며 강력하게 제동을 걸어 정책이 변경됐다고 한다.",장관,1
AAA는 남한에 들어온 후 남편의 탈북을 도왔던 사람이 바로 시숙부라는 사실을 알게 되었다.,AAA,1
"오바마는 수년간 금연을 위해 노력하고 있다고 말해 왔으며, 미셸 여사는 2011년 남편이 마침내 금연에 성공했다고 밝힌 바 있다.",남편,1
동현이 형도 발음이 안 좋다고 했잖아요.,형,1
"이 드레스는 엘리자베스 2세가 1947년 필립공과 결혼할 때 입었던 것으로, 여왕 전속 의상 관리인인 앤절라 켈리와 엘리자베스 2세가 좋아하는 디자이너인 스튜어트 파빈이 수선했다.",필립공,1
"마나세 쇼린은 경장 5년(1600) 후양성 천황(15711617)의 병을 치료하여 황실로부터 ""양안원""이라는 호를 하사 받을 정도로 명망 있는 의사였다.",후양성 천황,1
최고 통치자로서 정조의 정치적 삶 가운데 가장 심대하고도 지속적인 영향을 미친 것은 바로 생부인 사도 세자가 뒤주에 갇혀 사망한 사건인 임오화변이었다.,사도 세자,1
"러시아 제2도시 상트페테르부르크의 마린스키 극장에서 6일 공연된 'FFF'에서 주역인 'AAA1'역을 훌륭하게 연기해 ""최고의 연기""라는 찬사를 받은 한국인 발레리노 AAA2씨(20)는 ""관객들의 반응이 기대 이상으로 뜨거워 아주 만족스럽다""고 소감을 밝혔다.",발레리노,1
">형, 원래 이런 거 많이 생각하시면 안 돼요.",형,1
"교토통신은 효고현에서 유리창을 보강하던 70대 남성이 사망했고, 야마구치현의 한 고등학교에서 축구 골대가 쓰러지면서 부상자가 나왔다고 보도했다.",남성,1
박물관 기록보관소에서 발견된 코페라 전 관장의 서한은 35세 가량의 빈 출신 여성인 바흐테르 총독 부인에 의해 박물관이 회복불능의 엄청난 손실을 입었으며 그가 가져간 미술품 중에는 브뤼헐의 작품이 포함됐다고 언급하고 있다.,총독,1
"즉 그의 아들 3형제는 대한제국 시기와 일제 강점기 군수 등 지방관을 역임했고, 계몽 운동에도 참여했다.",아들,1
"청각장애인2(통역), 40대, 남성(2급)은 “(용법이) 적혀 있으면 그걸 따라서 먹었을 텐데 보통 약사가 말로만 하고 안 적어 주거든요. 귀에도 안 좋다고 얘기 들었는데…. 이런 걸 모르고 주는 대로 먹었는데 나중에 뭔가 안 좋아진 걸 느꼈을 때는 이미 시간이 좀 지난 후여서…. 이런 정보도 많이 필요한 것같아요."" 라고 말했다.",남성,1
">기회를 한 번만 더 주시면 안 돼요, 아저씨.",아저씨,1
WSJ은 그러나 펠리페 6세가 왕세자 시절 오페라 극장에서 야유를 당하거나 기업인들에게 악수를 거부당하는 수모를 겪으면서도 카탈루냐 지역을 여러차례 방문한 사실을 언급하며 그의 이런 노력을 인정하는 움직임도 있다고 전했다.,왕세자,1
"그는 아이가 하나님의 말씀이 아니라면 하나님은 결코 말한 적이 없다고 말하는데, 이는 그가 아이의 생명을 지속시키는 것이 하나님으로부터 부여받은 자신의 책무이고 숭고한 행위임을 인식하고 있음을 보여주는 부분이다.",하나님,1
"음악적인 가정에서 태어난""웨버""는 어렸을때부터 작곡에 남다른 재능을 보여 8세때부터 뮤지컬을 작곡하기 시작했다．그의 아버지 ""윌리엄""은 유명한 오르가니스트이자 피아니스트로 18년동안 ""런던""음악대학 학장으로 재직한 이나라지도적인 음악가였고 어머니 또한 재능있는 피아니스트였다.",아버지,1
"한국 남성이 하루 중 아이 등 가족을 돌보는 시간은 10분으로 포르투갈(6분)과 일본(7분) 다음으로 적었으며, 청소와 빨래 등 가사노동에 쓰는 시간도 21분으로 최하위 인도(19분) 덕분에 꼴찌를 겨우 면했다.",남성,1
"AAA는 첫 고용주와 좋은 관계를 유지하며 10년을 보냈지만, 이스라엘에서 만난 필리핀 남성과의 관계로 임신하게 되면서 출산 후 아이만 필리핀으로 보낼 것인지, 아이와 함께 필리핀으로 돌아갈지 결정해야 했다.",남성,1
>광수 형이랑 저랑 한번 여기서.,광수,1
"친애하는 Mr. AAA1님, 귀사의 해외 여행을 위한 부동산 목록에 대해 문의해 주셔서 감사합니다.",Mr. AAA1,1
큰 병원에 가서 이제 아버지 귀가 왜 안 들리는지 검사를 쫙 받게 하고 그리고 아버지는 이제 수술을 받으셨고 인공와우를 장착해서 아버지는 소리를 듣게 되신 거예요.,아버지,1
">저는 진짜 형, 저는 진짜 안 꺾고 3번 가겠습니다.",저,1
"나는 AAA1, 너는 Mr. AAA2 맞지?",Mr. AAA2,1
아내가 남편의 동의를 얻어 다른 남성의 정자를 기증받아 아이를 낳았다면 남편이 아기의 아버지가 되며 그는 이를 거부할 수 없다고 규정했다.,아버지,1
노르웨이 베스트폴주 홀메스트란에 거주하는 AAA(37·여) 씨는 최근 남편과 함께 인도 뉴델리 시내에 위치한 BBB의 불임센터를 방문했다.,남편,1
>오빠 미안해요.,오빠,1
결혼 이후 남자는 자본주의 사회의 부속품이 되어 지친 일상을 반복하며 극심한 인간성의 타락과 자아 고갈을 겪는다.,남자,1
"AAA1은 다른 29명의 지도자와 함께 체포됐으며, AAA1과 그의 형제 AAA2와 그의 사촌 AAA3은 1947년 3월 31일에 슈바르 카라 광장에서 교수형 당했다.",형제,1
왕과 왕후가 사위의 글공부를 챙기기도 하고 사위의 글씨에 대한 상으로 선물을 보내는 등 사위를 생각하는 마음이 각별하였음을 알 수 있다.,왕,1
이때 나발이 크게 울리고 소작머슴은 허리를 크게 펴고 여성들을 즐겁게 반긴다.,소작머슴,1
제1대 타짜협회장 지석진과 그를 몰아내고 2대 협회장이 된 유재석.,타짜협회장,1
15살 때인 1985년 AAA로부터 성적 학대를 당했다며 일리노이 주의 한 40대 남성이 경찰에 낸 고발장이 일간 BBB에 첫 보도됐다.,남성,1
배우출신이었던 페론 전대통령의 부인 에바 '에비타' 두아르테는 아르헨티나 빈민의 우상이었으며 남편이 현직에 있던 52년 사망했는데그녀의 묘는 페론 정권이 군사 쿠데타로 무너진후 훼손당해 시신이 수년간 이탈리아에 보관되기도 했다.,페론,1
추가 확진자는 40대 남성과 80대 여성으로 뉴욕시 맨해튼과 브루클린의 병원에서 격리돼 치료를 받는 것으로 전해졌다.,남성,1
"아저씨, 뭐 하는 거야, 진짜?",아저씨,1
초 공자 위는 장차 임금을 시해하고 자신이 왕이 되고자 하는 야심이 있어서 왕자 흑굉과 태재를 변방에 나가 성을 쌓게 하고서 자신은 내부에서 일을 진행하려고 했다.,흑굉,1
첫째 왕자와 둘째 왕자를 비롯한 많은 사람들이 겉모습을 볼 때 그 이면을 꿰뚫어 보는 한 사람이 있었으니 셋째 왕자가 바로 그다.,그,1
알겠습니다. 제 아들한테 청구서를 처리하라고 할게요.,아들,1
저는 이번에 제 아내와 동행합니다.,저,1
45세 남자가 자택에서 FFF 10정을 음독 후 목을 매려다가 가족에게 발견된 후 응급실에 왔다.,남자,1
알베르 2세는 이날 TV와 라디오를 통한 대국민연설에서 벨기에 독립기념일인 오는 21일 왕위에서 물러나고 필립(53) 왕세자에게 양위할 것이라고 밝혔다.,세자,1
5세 아동의 생명의 존엄성과 70세 할아버지 생명의 존엄성이 다르지 않다고 생각한다.,할아버지,1
이바라키 현과 야마나시 현에서는 각각 80대 여성과 60대 남성이 쓰러진 채 발견됐으며 모두 의식이 없는 상태라고 아사히 신문은 전했다.,남성,1
복식부기에 대한 내용은 처음으로 출판된 것으로 파치올리는 수학자임에도 불구하고 ‘회계학의 아버지’로 여겨지고 있다.,아버지,1
"아들 일라이자 로스 루터(20)는 ""병원 직원들이 무전기를 가져다가 어머니의 베게 옆에 놔줬다.",일라이자 로스 루터,1
"유사하게, 혼외자가 인지 절차를 거치기 전에 그의 생물학적 부를 살해하였다면 존속 살해죄가 아닌 보통 살인죄가 성립한다.",부,1
"남자는 자신을 쫓아다니는 아주머니가 결국 자신을 죽일 것을 알고 있으며, 여자와 아름답게 헤어질 순간을 선택한다.",자신,1
"남부아프리카 짐바브웨에서 한 청년이 자신의 개들 덕분에 표범에 의한 끔찍한 공격에서 살아남았다고 8일(현지 시간) 남아공 사파(SAPA) 통신이 현지 일간 BBB를 인용, 보도했다.",청년,1
이 과정에서 소년은 자신의 행위에 대한 피해를 회복하고 책임을 지는 법을 배우게 된다.,자신,1
"아버지는 아들들에게 백만 달러와 일만 달러, 그리고 가능한 분배 결과를 남겼다.",아버지,1
"100만 번째 입장객은 채핀에 거주하는 크레이그 숀이라는 남성으로 숀은 스프링필드시를 상징하는 기념 열쇠와 2번째 임기를 시작하는 블라고야비치 주지사의 취임식 입장권 2매, 그리고 박물관 기념품 센터의 선물 바구니 등을 받았다.",입장객,1
보도에 따르면 지난달 30일 오후 5시 40분께 샌버너디노 카운티 팜데일로드 빅터빌 갤러리아 쇼핑몰에 있는 남성의류 매장 '익스트림 맨스웨어'에 20대 남성이 침입해 한인 여성 업주 홍종숙씨를 흉기로 찔러 숨지게 했다.,남성,1
1967년에 마닐라에서 9남매중 여섯째로 태어난 AAA는 18세에 결혼 후 몇 년 지나지 않아 남편과 사별한 뒤인 1986년에 첫째 언니를 따라 싱가포르로 가서 4년간 가사노동자로 일했다.,남편,1
남부 푸에르토 몬트 지역에서는 당시 초등학교 5학년 소녀(11)가 어머니의 남자친구에게 약 2년간 상습적으로 성폭행당해 임신한 것으로 드러났다.,남자친구,1
>이 형님이 빨리 오라고.,형님,1
"그리고 최종적으로는 입법을 통한 방식으로 접근하는 것이 보다 필요할 것으로 생각하는데, 그 이유는 현재까지 법원에 의한 사법적 해결은 개별적·구체적 판단에 의존하는 방식이라 사전에 시장 참여자의 예측가능성을 담보하기에는 상당한 무리가 따르기 때문이다.",참여자,1
형 아니 근데 왜 갑자기 혼자 뛰어가서 할아버지 뜯긴 거예요.,할아버지,1
"사사기 13장에 따르면, 삭도금지 규정이 포함된 여호와의 사자의 메시지가 마노아의 아내에게 전달되고, 이는 마노아의 아내에 의해 남편인 마노아에게 전달되고, 마지막으로 여호와의 사자가 다시 나타나서 마노아에게 메시지를 전달하게 된다.",남편,1
>10년 동안 제가 그렇게 정장 하나 사자 사자 해도 한 번을 안 사서 제가 오늘 재근 오빠한테 또 SOS를.,재근,1
"아니, 승기 형이 아니나 다를까 옆에서 너무 힘들어하고 계시는 거예요.",승기,1
미국 버지니아 주 랭리에 있는 미 중앙정보국의 사설 박물관에 새로 전시된 작품 중에는 아버지가 세 살배기 아들에게 보낸 이런 내용의 편지가 있다.,아들,1
"본고에서 주목한 것은 김양기 고유의 남채화에 대한 해석은 아버지 김홍도의 작품보다, 중국의 어떤 ""남채화도""보다 더욱더 아름답게 그려졌다는 점이다.",아버지,1
미국 내 첫 에볼라 감염 환자인 라이베리아 출신 남성 AAA가 격리 치료 중인 미국 텍사스주 댈러스 BBB1에서 사망했다고 BBB2 방송이 8일(현지시간) 전했다.,남성,1
중국 측 실무 참여자인 AAA1과 그의 부인인 AAA2가 공동 필명으로 사용 한 '연정'의 회고록과 연구가 있다.,AAA1,1
>이거 하러 온 거야 형.,형,1
"그녀를 치료한 BBB 병원의 AAA1 박사는 ""AAA2가 완전히 나았으며 남에게 에볼라 바이러스를 옮기지 않는다""고 밝혔다.",박사,1
"남성 중심의 캠핑 문화를 지양하고, 가족 캠핑에서 성 역할을 규정하는 것에 비판적 시각을 가지고 있다.",남성,1
"경찰관 AAA 1이 따라가서 AAA 2의 앞을 경찰봉으로 가로막고, 검문에 응할 것을 요구하였으나 AAA 2는 자전거에서 내려 AAA 1의 멱살을 잡아 밀치고, ""이 XX 놈아, 나이도 어린놈이 육군 대위 출신을 몰라보고 검문이냐”라고 욕설을 하였다.",AAA 2,1
앞서 언급한 AAA는 친구의 소개로 만난 필리핀 남성과 온라인으로 관계를 이어오다 2017년에 필리핀에서 결혼식을 하고 다시 이스라엘로 돌아와 돌봄 노동을 지속하고 있다.,남성,1
"AAA 1의 경우 아들의 대필화로 밀려드는 그림의 수요를 감당했다고 하는데, AAA 2는 AAA 1의 그림을 특히 좋아하여 그의 작품을 많이 소장하였다.",아들,1
최고 통치자로서 정조의 정치적 삶 가운데 가장 심대하고도 지속적인 영향을 미친 것은 바로 생부인 사도 세자가 뒤주에 갇혀 사망한 사건인 임오화변이었다.,생부,1
"2013년 FFF 공모전에서 3위를 차지했던 일러스트레이터 AAA가 주인공으로, 그는 2002년 국제노마 콩쿠르에서 그랑프리를 수상했고 당시 작품이 국제아동청소년도서협의회가 선정한 아동도서 최고작으로 꼽히기도 했다.",소년,1
극중 아버지는 그럼에도 불구하고 화를 내지 말자는 모습을 보인다.,아버지,1
"아내가 자기 자신과 자기의 남편에 대한 예약을 완료하는 경우, 아내와 남편은 남편이 단체 여행 부킹 서비스에 액세스하지 않는 경우에도 모두 여행자이다.",남편,1
본고에서는 삼신삼세불 보다 모두 통용될 수 있는 삼불이라는 명칭으로 설정하고 자한다.,삼불,1
"아이바는 앞 장면에서, 데이지의 아들이고, 에릭은 아이바가 노인이 된 자기 어머니 데이지를 돌보라고 고용한 도우미 일을 한다.",아이바,1
"그에 관한 국내의 전문 연구는 거의 찾아볼 수 없으며, 김홍도의 그림을 논하는 전문서에서 아들 김양기의 그림을 간헐적으로 소개하는 수준에 머무르고 있다.",아들,1
">저는 진짜 형, 저는 진짜 안 꺾고 3번 가겠습니다.",형,1
그는 1898년 3월 독립협회가 주최한 만민공동회에서 러시아의 대조선 이권 침탈을 규탄하는 반러 운동에 몰두하였고 1899년 고종황제 퇴위 음모 사건에 연루되어 옥에 갇히면서 반러의식이 더욱 굳어진 것으로 보인다.,황제,1
하트셉수트는 이복 형제인 투트모세 2세의 왕비로 있다가 그의 사망 후 투트모세 3세의 섭정으로 지배 권력을 행사하면서 최고 통치자인 파라오로 등극해 군림했다.,투트모세 3세,1
세관은 나치 시절 유명 미술품 거래상이었던 아버지 AAA1의 아들인 AAA2의 탈세 혐의 등을 조사하는 과정에서 지난해 2월 이들 작품을 발견했는데 당국은 당시 AAA2를 심문한 뒤 기소하지 않고 풀어줬다.,아버지,1
아쇼카 왕은 이 같은 신기한 일을 보고서 자신의 잘못을 뉘우치고 향기나는 우유를 남은 뿌리에 부었다.,왕,1
72세 남자가 애성 증상이 있어 수 개월간 경구 약제를 복용하며 경과 관찰하였으나 증상 호전이 없었다.,남자,1
예 씨가 인터넷 구매를 하지 못하게 되면 아내가 더 많은 돈을 쓸 수 있다.,예,1
>저는 종국 오빠요.,종국,1
50대 남성인 이 환자는 발병 전에 식용 비둘기 고기를 사먹은 것으로 확인됐다.,남성,1
"냉장고(100-1)는 카메라를 통해 촬영된 영상에 기반하여, 8살 남자 어린이가 도어를 열고, 와인(1330)에 손을 가져감을 인식할 수 있다.",남자,1
PSS 4점으로 내원한 2명은 모두 일산화탄소 중독 환자였으며 이 중 33세 남성은 심폐소생술 후 일시적으로 자발순환이 되었으나 지속되지 못해 중환자실에 입원하지 못하고 응급실 내 사망하였다.,남성,1
담보물은 나중에 다말이 시아버지인 유다가 자신이 행음하였음을 이유로 불사르려고 할 때 유다가 그 상대였음을 증명하는 증거물로 작용하였다.,시아버지,1
"왕을 위해 복무하였으나, 그 봉토 내에서는 독립된 일정한 권력을 행사할 수 있었다.",왕,1
알베르 2세는 이날 TV와 라디오를 통한 대국민연설에서 벨기에 독립기념일인 오는 21일 왕위에서 물러나고 필립(53) 왕세자에게 양위할 것이라고 밝혔다.,왕세자,1
"현지 경찰은 이 사고로 에마누엘은 중상을 입었고 아내 발레리아 카르모나와 각각 2살, 8개월 된 두 아들은 급히 병원으로 옮겨졌으나 사망했다고 전했다.",아들,1
그는 이날 인터뷰에서 자신과 부인의 운영하는 미술관이 있는 중국 상하이로 이 작품을 가져오겠다는 뜻을 밝혔다.,자신,1
부인 메건 마클(37) 왕자비와 3개월 된 첫째 아들 아치도 동했했다.,아들,1
"네, B양, 제품이 무엇인지에 대한 더 깊은 통찰력을 제공하기 위해 제품이 어떻게 만들어지는지 실제 시연보다 더 나은 것은 없습니다.",B,1
아들의 욕망은 억압당하고 어머니를 대체할 수 있는 만족의 대상을 찾는 것으로 이어진다.,아들,1
냉철한 판단력도 남성 중심의 독일 정치판에서 그가 버텨낸 힘이다.,남성,1
사망한 남성과 함께 여행 온 30대 딸도 코로나19 감염 확진 판정을 받아 파리 병원에서 치료를 받고 있다.,남성,1
한 수학자는 청소년 때 수학에 꽃히기 전까지는 대학에서 아버지를 따라 신학을 공부하려고 했던 것으로 보인다.,아버지,1
"이날 오전 부인과 함께 에디슨 박물관을 찾은 버시바우 대사는 축음기와 전구 등 전시물을 살펴본 뒤 ""시간이 짧아 아쉽다.",대사,1
"가족 중 아버지와 여동생이 우울증 병력이 있었고, 친할머니와 외삼촌이 뇌졸중 병력을 가지고 있었다.",아버지,1
1437년에 베로나는 베로나 사람이고 구두 만들 가죽을 잘라서 파는 사람의 아들인 발다사르 디 바띠스타를 한 달에 8베로나 리라를 주는 조건으로 고용하였다는 기록이 있다.,아들,1
AAA는 아버지가 사망한 뒤 이 악보를 경매장에서 팔았는데 당시 낙찰가는 밝혀지지 않았으나 현재 이 악보의 판매가는 6만5천 달러에 달한다.,아버지,1
"소년에 대하여 무한한 가능성을 열어두고, 비행에 쉽게 노출되고 물들 수 있이지만 그만큼 회복과 교정도 빠르다는 것이다.",소년,1
"신문은 ""1296년 설립된 세계 최고의 빈소년합창단 단원 가운데 박신이라는 이름의 한국인이 있다""면서 ""그는 이 시대 가장 어린 오페라 가수""라고 평가했다.",소년,1
"형은 2019년 TV 대하드라마 주인공으로 발탁되었고 온나가타 전문인 AAA는 동년배 인기가수, 배우들과의 친분으로 자주 대중매체에 언급된다.",형,1
동무가 살던 시골로 간 주인공은 그의 어머니에게 믿음직스러운 아들의 자리를 채워주려는 여러 일을 돕기 시작한다.,아들,1
아버지는 나이에 숫자 4가 들어갑니다.,아버지,1
"보도에 따르면 미국의 골동품 수집가 포레스트 펜은 이날 개인 홈페이지에 한 남성이 10여년 전 자신이 묻어둔 보물상자를 찾아냈으며, 이에 따라 ""탐험은 끝났다""고 밝혔다.",남성,1
"그는 ""결국 양성평등, 젊은 남성의 가사참여율을 높이는 것이 중요하다""며 ""여성이 가정과 일이 양립된 삶을 살아가는 세계를 만드는 것은 지금까지 아무도 가지 않는 길을 가고 있는 것""이라고 말했다.",남성,1
">네, 둘째 아들.",아들,1
왜인지 흥부 부인과 자녀들은 놀부인 걸 알아채지 못하는데 그 이유는!,흥부,1
"AAA의 아버지 이미지는 먹이고 보살피고 교육시켜주는 아버지로서, 자녀들을 책임지는 진짜 가정의 친부와 똑같은 이미지로 효도의 대상으로서의 성격이 강했다.",친부,1
"AAA1 국왕의 아들이자 국가수비대 장관인 AAA2 왕자는 ""메르스에 대한 소문이 근거 없다는 것을 증명하기 위해 아버지가 제다를 방문했다""고 말했다.",왕자,1
인도인 부친과 아일랜드인 모친 사이에서 태어난 AAA 총리는 2015년 아일랜드의 동성 결혼 합법화 국민 투표를 앞두고 자신이 동성애자임을 밝힌 바 있다.,부친,1
>아버님의 입담을 좀 많이 닮았고요.,아버님,1
보건당국은 서아프리카에서 돌아온 지 21일이 안 된 한 남성 의사가 39.4도의 고열 증상을 보여 맨해튼 동북부에 위치한 할렘 자택에서 응급차에 실려 인근 BBB 병원으로 긴급 이송됐다고 설명했다.,남성,1
참여자 C는 좋은 무용수가 되기 위해 항상 도를 닦는 마음으로 연습했다고 말했다.,참여자,1
나가 위의 붓다 도상은 붓다가 똬리를 튼 뱀의 몸통 위에 앉은 채로 머리 뒤로는 뱀의 머리 7개를 광배처럼 갖고 있는 모습을 지칭한다.,붓다,1
"이를 위하여 석가모니를 대신할 스투파의 건립을 주문했던 것이고, 이것이 점차 불상에 대한 공양으로 옮겨가게 되었던 것이다.",석가모니,1
"본 증례 보고의 경우에서는 한 명은 형제를 통해서, 그리고 다른 한 명은 자녀를 통해 조혈모세포 이식을 받았기 때문에 조혈모세포 이식의 공여자와 같은 사람으로부터 대변을 이식받을 수 있었다.",형제,1
첫날 공연에는 특히 왓지라롱콘 왕세자가 끝까지 진지하게 관람해 한국문화에 대한 관심을 표시했다.,왕세자,1
"사례자 2는 40대 남성으로 현재 아내와 초등학교와 중학교에 재학 중인 자녀 둘이 있으며, 처가 근처에 거주하고 있다.",남성,1
그는 신부감을 찾기 위해 최대 100명의 여자와 데이트를 하기로 결심하였다.,그,1
2004년 즉위한 시아모니 왕은 1981~2000년 프랑스에서 발레와 클래식 크메르 댄스를 가르치는 등 성년기의 많은 시기를 프랑스에서 보냈다.,왕,1
"조옥희가 박용석을 좋아하면서도 그를 거부하는 이유는 자신이 애 딸린 과부이고, 박용석은 총각이었기 때문이다.",박용석,1
그 후 상진왕은 대리 왕자를 대장으로 하여 구미도의 신녀인 기미하에(군남풍)와 함께 정예 부대 3000명과 병선을 보내 진압하였다.,대리 왕자,1
초 공자 위는 장차 임금을 시해하고 자신이 왕이 되고자 하는 야심이 있어서 왕자 흑굉과 태재를 변방에 나가 성을 쌓게 하고서 자신은 내부에서 일을 진행하려고 했다.,왕,1
"호수다방의 주인인 황 마담은 임신한 몸으로 젊은 순경과 부르스를 추면서 등장하고, 남편인 경사는 이를 여러 번 목도하면서도 묵인한다.",남편,1
"AAA 천상화에는 세계 미술사에서 제일 유명한 장면 가운데 하나인, 하느님이 오른팔을 뻗어서 아담에게 생명력을 불어넣는 '아담의 창조'를 포함하고 있다.",하느님,1
"후쿠다 총리와 부인 기요코 여사는 이날 3박4일간의 방중 마지막 일정으로 유네스코가 세계유산으로 지정한 공자묘에 도착, 공자 동상 앞에서 절을 했다.",후쿠다,1
"첫 번째 증례는 43세 남자로 형제로부터 동종 조혈모세포 이식을 받았고, 두 번째는 70세여자로 아들로부터 사람 백혈구 항원 반일치 조혈모세포 이식을 받았다.",아들,1
사실 관계 임야의 원래의 소유자인 AAA1은 그 처 AAA2와의 사이에 아들이 없어 9촌 조카인 AAA3을 데려와 양자로 삼았으나 입양 신고를 하지 아니하고 입양 신고에 갈음하여 친생 장남으로 출생 신고하였다.,AAA3,1
유엔대사를 사칭해 해외 보관 중인 거액 달러를 국내로 들여오는 데 수수료가 필요하다며 2억 원이 넘는 돈을 가로챈 80대 남성이 실형을 선고받았다.,남성,1
"그는 ""다른 모든 부모들에게 아이들과 많이 소통하고 생각을 넓힐 수 있도록 도우라고 조언하고 싶다""며 ""아들에게는 포기하지 말라는 조언을 항상 한다""고 밝혔다.",아들,1
예 런닝맨에 게스트로 나오는데 재석이 형이 만난 적이 없다고.,형,1
"기네스북에 세계 최고령 남자로 등재된 AAA는 이날 자택에서 기자들의 취재에 ""모든 사람들과 얘기를 하는 것이 가장 큰 즐거움으로 아직 10년 정도는 더 살고 싶다""며 노익장을 과시했다.",남자,1
배우출신이었던 페론 전대통령의 부인 에바 '에비타' 두아르테는 아르헨티나 빈민의 우상이었으며 남편이 현직에 있던 52년 사망했는데그녀의 묘는 페론 정권이 군사 쿠데타로 무너진후 훼손당해 시신이 수년간 이탈리아에 보관되기도 했다.,전대통령,1
재판의 진행을 보면서 아들 그룰의 탈영 이야기에 왜 아버지를 연루시켜야 하는지가 드러난다.,아들,1
"이 환자는 중국 우한(무한)으로 여행을 다녀온 뒤 우한 폐렴에 감염된 60대 시카고 환자의 남편으로, 미국에서는 여섯 번째 우한 폐렴 환자이자 중국에 다녀오지 않고 감염된 미국 내 첫 사례다.",남편,1
이러한 시각은 소년을 자신이 저지른 범죄에 대한 책임을 부담하는 능동적인 존재로 인식하기 위한 전제조건이기도 하다.,자신,1
사다 놓은 갈비찜이 생각나 주인 아저씨에게 몸짓으로 사고 싶다고 말하니 다섯 개를 뽑아 물에 씻어줬다.,아저씨,1
"이 영화는 당시 도쿄에 거주하고 있던 '이왕 전하', 즉 영친왕 이은의 요청으로 이왕직아악부의 악사와 무동, 여관 등 80여 명이 동원되어 제작되었던 것으로 알려져 있다.",이왕,1
"자신과 여자 친구에게 쏟아지는 비판을 두고 못 배우고, 잘 알지 못하며 사악하고 편협한 주장이라고 반박한 그는 ""사냥꾼으로서 사과·변명하지도 않고 숨지도 않겠다""고 반발했다.",그,1
세관은 나치 시절 유명 미술품 거래상이었던 아버지 AAA1의 아들인 AAA2의 탈세 혐의 등을 조사하는 과정에서 지난해 2월 이들 작품을 발견했는데 당국은 당시 AAA2를 심문한 뒤 기소하지 않고 풀어줬다.,아들,1
"독실한 기독교 신자인 그녀는 ""궁극적으로는 하나님의 영광을 위해 연주하는 천상의 피아니스트가 되고 싶은 것이 최고의 바람""이라고 덧붙였다.",하나님,1
"임의 아들은 아니지만 실로 그 당이다.""라고, ""오학편""에는 ""이인인의 아들 모, 즉 태조 이성계가 군주를 시해하였다.""고, ""속문헌통고""에는 ""이인인의 아들 모, 즉 태조 이성계가 군주를 폐하고 자립하였다.""고 기록하였다.",아들,1
막내 아들이 아직 대학생이고 남편이 실직 상태여서 자신이 돈을 벌지 않으면 생계가 막막한 상황이었다.,아들,1
"아내는 남편의 의중을 파악하여도 결코 이야기하지 않을 것이며, 한편으론 알 수 없다 한다.",아내,2
그와 그의 누나가 평생 우려했던 일은 전혀 일어나지 않았다.,누나,2
"AAA가 가해자인 양부와 성적 관계를 가진 사실을 모친에게 상담했을 것을 요구하는 것 또한 사실상 곤란하므로 AAA 측에 이를 기대할 수 있었다고 보기 어렵다""고 보아 시효의 진행을 인정하지 않았다.",AAA,2
엘리자베스 2세 여왕은 현재 남편 필립공과 함께 런던 인근 윈저성에서 머물고 있다.,엘리자베스 2세,2
소시민이었던 아내의 급작스러운 변화는 소시민의 격한 분노와 열등감을 이끌어낼 정도로 열정적이었다.,아내,2
어린 시절 부모의 이혼으로 어머니 손에서 자란 AAA는 도쿄대를 졸업하고 배우로 활약하는 AAA다.,어머니,2
"미술 비평가 AAA1은 ""여왕보다 내 이웃 사람이나 AAA2 전 총리를 더 닮아 보인다""면서 ""매우 당혹스럽고 끔찍하다""고 비판했다.",여왕,2
공연에 앞선 접견 자리에서는 시진핑 주석이 맨 중앙에 앉고 양옆에 리수용 부위원장과 시 주석의 부인 펑리위안 여사가 앉았다.,부인,2
"그녀는 자녀가 6명이나 돼 새 차가 필요하지만 ""흥분된다""면서 다락을 첫 쌍둥이 아들의 침실로 고칠 예정이라고 밝혔다.",그녀,2
"노르웨이에서 MRKH증후군 환자 단체를 이끄는 30대 여성은 ""내가 더 어릴 때 자궁이식 수술이 가능했다면 분명히 관심을 가졌을 것""이라고 말했다.",여성,2
"나는 여성 참가자들이 이것이 일회성 게임이라고 분명히 들었는데도 불구하고, 이 여성들은 마음속에서 반복성 게임을 하고 있었다고 생각한다.",여성,2
"섹스와 환생, 그리고 할리우드 원로 여배우 셜리 맥클레인의 실제 이야기 등이 버무려진 이 소설은 파차우리가 자신의 실제 경험을 소설화한 작품이다.",셜리 맥클레인,2
"AAA1과 결혼할 예정이던 여자 친구 AAA2와 그의 13세 딸, 20대 조카 2명은 성당 측이 내준 침실 4곳이 있는 오두막에서 3일 이후 보름 이상을 살았다.",여자 친구,2
"제1차 세계 대전 시기의 독일 여성 노동자를 연구한 역사가 AAA에 따르면, 총력전이나 급진적인 변화가 발생할 때 아직 정치적으로 발달하지 않은 일상의 생각 및 행동과 ""진정한"" 정치 사이에 존재하던 경계가 불분명해진다.",여성,2
"이름은 양소유인데 과거에 급제하고 절도사로 임명되고, 부마로 간택되고, 전쟁에 나아가는 등 삶의 과정에서 8명의 여인을 만나게 되고, 그 뒤 양소유는 2처 6첩을 거느리고 부귀공명을 누리며 살아간다.",여인,2
"이는 그가 동시대 남성 작가들과 다른 경험에 노출된, 다른 자의식을 지닌 '여성 작가'였다는 것을 의미한다.",여성,2
"그리고 합격, 진학, 졸업 후 언니와 함께 독일로 이주하였다.",언니,2
"청원경찰관들은 해당 남성이 3명의 여성과 함께 마스크를 착용하지 않은 채 해변에 있었으며, 단속에 나서자 욕설을 퍼붓고 강하게 저항해 테이저건을 쏠 수밖에 없었다고 말했다.",여성,2
영국 여왕 엘리자베스 2세의 아들인 에드워드 왕자는 그동안 사귀어 오던 여자 친구인 소피 라이스-죤스양과 결혼하지 않을 것이라고 데일리 미러지가 27일 보도했다.,여자,2
여사는 인민해방군 가무단 단원 120명을 이끌고 다음 달 8일에서 20일까지 일본 도쿄와 삿포로에서 진행되는 중국 창작가극 공연에 나선다고 중국 베이징 이브닝 뉴스가 보도했다.,여사,2
공연에 앞선 접견 자리에서는 시진핑 주석이 맨 중앙에 앉고 양옆에 리수용 부위원장과 시 주석의 부인 펑리위안 여사가 앉았다.,펑리위안,2
"사사기 13장에 따르면, 삭도금지 규정이 포함된 여호와의 사자의 메시지가 마노아의 아내에게 전달되고, 이는 마노아의 아내에 의해 남편인 마노아에게 전달되고, 마지막으로 여호와의 사자가 다시 나타나서 마노아에게 메시지를 전달하게 된다.",아내,2
잠시 후 아이는 없어지고 청년 진수가 엄마를 부르며 나타나 봉산댁을 그리워하는 무용적인 마임을 한다.,엄마,2
"당시 그녀의 사망 소식이 전해지자 AAA1 아일랜드 총리는 ""1990년대 아일랜드에서 자란 이에게 AAA2는 우리 세대의 목소리였다""고 말했다.",AAA2,2
AAA 1은 성불구자라는 사실 때문에 세 번의 이혼을 경험했고 현재 네 번째 아내 AAA 2에게도 이혼 요구를 받는다.,아내,2
그러나 그는 누구도 원망하지 않고 보련 여성이 있는 백년암으로 찾아갔다.,여성,2
그녀는 국가 장치의 권력 속에 남는 대신 전쟁 기계와 결혼하게 될 것이다.,그녀,2
"그녀는 안락사 신청서 제출 이유에 대해, ""질병과 장애로 인한 육체적 고난을 벗어나기 위해 고통과 공포를 수반하는 자살 대신 안정제 주사로 조용히 세상을 떠나게 하는 것이 진정한 인도주의에 도달하는 것""이라고 주장했다.",그녀,2
리칭이라는 여성 부호가 어제 자기 집 욕조에서 손목을 그어 자살했다는 내용이었다.,리칭,2
>당연하지 때 진숙이 누나가 오빠 저 기억하세요 이러니까 형이 실눈 뜨면서.,저,2
"누나로서, 그녀는 피아노 연주와 성악에 뛰어난 실력을 가지고 있었다.",누나,2
케네디 센터에서 막이 오른 오페라 '연대의 딸'에 크라켄토프 공작부인 역으로 출연해 박수갈채를 받았다.,공작부인,2
"AAA는 2016년 6월, 경기도 수원에서 분교장으로 3학년 때 정선이(당시 1학년)와 누나(당시 6학년) 같이 전학 왔다.",누나,2
그녀는 수행할 기계에 대해 자카드직기가 꽃과 나뭇잎을 수놓듯 대수적 패턴들을 수놓는다라고 낭만적으로 표현했다.,그녀,2
AAA1 전 총장은 13일 국립현충원을 참배한 후 고향인 충청북도 음성의 부친 선영과 충주에 거주하는 모친 AAA2 여사를 찾는다.,모친,2
자신과 같이 미술에 재능이 있는 딸아이임에도 불구하고 정보 과학 영재인 동생과 함께 뒷바라지를 하는 것이 어렵다.,딸아이,2
여자도 생활비를 벌기 위해 이웃 노인의 집안 일을 하러 갔다가 성추행을 당한다.,여자,2
쩡 전 부주석은 저우웨이즈와 그의 부인인 오페라 가수 왕쿤과 오랜 친분이 있어 직접 조문한 것으로 전해졌다.,부인,2
이 어머니의 복장은 아침부터 저녁때까지 시종일관 같은 복장이고 앞치마까지 두르고 있다.,어머니,2
"이 말을 들은 그 여성은 굿바움에게 다가가 ""면전에 대놓고 말해보시지""라고 말하더니 갑자기 얼굴을 향해 몇 차례 기침을 했다는 것이다.",여성,2
"두 작품 모두 '멜랑콜리'라는 극한 상태에 완전히 흡수된 소녀를 주제로 하고 있지만, 과연 우리는 소녀가 느끼는 슬픔의 원인이 단순히 그녀 앞에 놓인 대상의 파괴나 상실감 때문이라고 말할 수 없을 것이다.",소녀,2
리아 뭉크는 AAA1의 최대 후원자였던 AAA2의 조카로 그녀의 어머니이자 AAA2와 자매 사이인 AAA3이 초상화 제작을 의뢰했다.,그녀,2
"그를 진료한 의사는 앙드레 수녀에게 코로나19 음성 진단을 내렸고, 미사 참석을 허용했다.",앙드레,2
수술이 끝난 뒤 아기의 어머니인 AAA는 수술 결과에 매우 만족한다며 아기에게 빨리 젖을 물리고 싶다고 말했다.,어머니,2
그녀는 침팬지의 행동을 변화시키는 결과를 야기한 행동을 실수라고 말했다.,그녀,2
"그녀가 ""리더가 아니더라도 더 훌륭하게""라는 생각의 전환을 할 수 있었던 동기는 팀과 함께 했던 협동화 “칵테일 파티""에서였다.",그녀,2
"그녀는 ""나의 직장 경쟁자들이 각성제를 복용하는데 내가 하지 않는 것은 마치 테니스 경기를 하면서 나무 라켓을 사용하는 것과 같다""면서 ""가장 똑똑한 사람으로, 최고의 성과를 내는 직장인으로 남으려면 필요하다""고 말했다.",그녀,2
유아는 나와 타자 간 경계를 만들기 위해 타자를 자신으로부터 분리시키기 시작하는데 이때 제일 먼저 추방하는 것은 자신의 기원인 어머니의 몸이다.,어머니,2
"특히, 같은 기간 한국만 보면 남성과 여성의 경제활동 참가율 격차가 20.7%p로 큰 차이가 있다.",여성,2
나는 그녀가 나에게 말하는 방식이 싫었다.,그녀,2
여왕이 자신의 연주나 음악회를 통해 의도한 이미지는 친밀성을 강조하는 것이었다.,여왕,2
아들의 욕망은 억압당하고 어머니를 대체할 수 있는 만족의 대상을 찾는 것으로 이어진다.,어머니,2
그때 그녀는 국경의 보위부 →길주 단련대 →함경북도의 청진 집결소 → 평안남도의 증산 교양소로 이동한다.,그녀,2
이 작품은 미각을 잃은 중국 공주를 위해 전 세계 요리사들이 모여 경연을 펼친다는 줄거리로 중국 전통 요리를 화려한 율동과 현대적인 음악으로 표현하는 뮤지컬 퍼포먼스이다.,공주,2
넬슨 만델라 전 대통령의 전 부인이자 민주화 투쟁 원로인 위니 마디키젤라-만델라의 생가 등도 국가유적으로 정해질 것이라고 소개했다.,부인,2
박물관 기록보관소에서 발견된 코페라 전 관장의 서한은 35세 가량의 빈 출신 여성인 바흐테르 총독 부인에 의해 박물관이 회복불능의 엄청난 손실을 입었으며 그가 가져간 미술품 중에는 브뤼헐의 작품이 포함됐다고 언급하고 있다.,부인,2
영국의 명문 BBB1 대학 출신의 한 여성 과학도가 연구실용 흰 가운을 벗어던지고 배꼽춤을 추는 `벨리 댄서'로 제2의 인생을 찾았다고 영국 일간 BBB2 인터넷판이 18일 보도했다.,여성,2
스페인의 30대 여성이 자신의 세포를 이용해 배양된 장기를 면역거부반응 없이 이식받는 데 성공해 의학계가 손상된 장기를 개인 맞춤 이식술로 대체하는 외과 수술법의 새로운 전기를 열었다며 흥분하고 있다.,여성,2
은퇴 기념 공연에 나선 자오훙보는 대만 인기 여가수 황샤오후와 대중가요 `달빛이 내 마음을 말해주네'를 부르며 아내 션쉐에게 사랑의 마음을 전해 분위기를 한껏 달궜다.,여가수,2
한 여성 작가가 그녀에게 다가와 가족들과 함께 청량산을 탐방하며 자신의 여정과 감상을 기록했다.,그녀,2
>만약에 누나가 소개팅을 해준다 하면 만나볼 의향이 있을까?,누나,2
아케나텐의 왕비이며 미인으로 유명한 네페르티티의 미라는 이번 조사에서도 확인되지 않았다.,왕비,2
"그는 ""나는 여기 있고, 아내는 캘리포니아의 격리시설에 있을 것""이라면서 정부가 신속히 행동을 취하지 않은 데 대해 불만을 터뜨렸다.",아내,2
"여자친구 울려고 그런다, 지금.",여자,2
예 씨가 인터넷 구매를 하지 못하게 되면 아내가 더 많은 돈을 쓸 수 있다.,아내,2
이 여학생의 양심은 자기 집단을 배신하지 않는 가운데 지켜진다.,자기,2
그녀의 아버지는 K의 열의와 욕심을 자제시킨 반면 딸의 능력을 존중하여 제주시로 유학과 아울러 제주여중에 입학을 권유하였다.,그녀,2
그럼에도 그녀는 ‘탄자니아인’이라는 강한 의식을 갖고 있다.,그녀,2
"미 애리조나주에 거주하는 번더슨은 ""전문인력과 사랑하는 가족의 보살핌에도 요로감염 합병증이 왔고 이겨내지 못했다""면서 ""지난 화요일 아침 엄마인 내 품에서 평화롭게 세상을 떠났다""고 전했다.",나,2
그는 우연히 그녀의 연구 보고서들과 DNA의 한 엑스레이 회절 사진을 보게 되었다.,그녀,2
어머닐 메이에르송은 현대 과학의 역사를 그가 인간 이성의 기본적인 범주라고 여기는 것의 점진적인 이행으로써 기술하려고 하였다.,어머니,2
"AAA1 네덜란드 총리는 애도 성명에서 ""AAA2는 현명한 전문가였으며 그녀는 개방성과 부드러움, 그리고 정직으로 국민의 마음을 얻었다.""고 밝혔다.",전문가,2
권번에서 공연한 순익금을 모아 구제회에 기부하는 등의 행동을 통해 기생에 대한 부정적인 이미지를 개선하고자 노력하였다.,기생,2
AAA 부인은 코끼리의 공격을 받은 뒤 무너진 건물 안으로 들어가 몸을 바닥에 숨겨 가까스로 목숨을 건졌다.,AAA,2
"경찰 관계자는 ""유전자 감식 결과 AAA의 시신이 분명하며 남편 역시 결혼 반지 등을 통해 신원을 확인했다""고 말했다.",시신,2
그녀는 안부와 감사를 전한다고 합니다.,그녀,2
캐릭터를 완벽하게 이해하고 이를 관객들과 교감을 통해 이해시키는 발레리나가 되고 싶다는 자신의 목표를 첫 무대부터 이룬 듯했다.,발레리나,2
"프리츠커 주지사는 앞서 지난달 29일 한 지역 매체로부터 ""부인과 가족이 자택대피령 와중 플로리다에 간 것이 사실인가"" 라는 질문을 받고 ""공직자로서의 업무는 내 가족과 아무 상관이 없다""며 ""답하지 않겠다""고 응대했다.",부인,2
"증례 2에서 69세 여자가 아들로부터 사람 백혈구 항원 반일치 동종 조혈모 세포이식을 받은 후, 4주째부터 복통과 설사 및 혈변이 발생하였다.",여자,2
소설은 동창생이 연 미술 전람회에서 태호가 중학 시절에 동경하던 이상형인 철수와 목소리와 얼굴까지 닮은 '수수께끼'같은 여성 박은희를 만나면서 시작한다.,여성,2
"섹스와 환생, 그리고 할리우드 원로 여배우 셜리 맥클레인의 실제 이야기 등이 버무려진 이 소설은 파차우리가 자신의 실제 경험을 소설화한 작품이다.",배우,2
그녀는 부산의 예술고등학교에서 현대무용을 전공하고 교육대학에 진학을 한 특이한 경력을 가지고 있다.,그녀,2
그녀는 길러준 할미의 양식을 대기 위해 팔도꾼의 재취로 간다.,할미,2
"보스니아 법원이 1990년대 보스니아 내전 당시 세르비아계 민간인 등을 고문한 혐의를 받고 있는 한 여성에 대해 유죄로 판단, 14년형을 선고했다고 27일 영국 BBB 방송이 보도했다.",여성,2
리아 뭉크는 AAA1의 최대 후원자였던 AAA2의 조카로 그녀의 어머니이자 AAA2와 자매 사이인 AAA3이 초상화 제작을 의뢰했다.,AAA3,2
"이 박물관에는 ""차이코프스키""가 그의 서재겸 침실에서 유명한 교향곡 제6번과 제3피아노협주곡 ""흐두까기인형""잠자는 숲속의 미녀"" 등 무용조 곡을 작곡했을 때 있었던 물건들이 모두 보존되어 있다.",미녀,2
"두 작품 모두 '멜랑콜리'라는 극한 상태에 완전히 흡수된 소녀를 주제로 하고 있지만, 과연 우리는 소녀가 느끼는 슬픔의 원인이 단순히 그녀 앞에 놓인 대상의 파괴나 상실감 때문이라고 말할 수 없을 것이다.",그녀,2
엘리자베스 2세 여왕은 현재 남편 필립공과 함께 런던 인근 윈저성에서 머물고 있다.,여왕,2
우리나라 1세대 여성 조각가인 AAA는 1935년 원산에서 태어나 BBB1대와 프랑스 BBB2 학교에서 공부한 후 BBB3대 교수를 지내다 1983년 아르헨티나에 이민했다.,교수,2
"이후 아테나 여신에 의해 아테네 땅, 아테나 여신의 신전에서 양육되었으며, 이후 아테네의 왕이 되고 나서는 자신을 길러준 어머니인 아테나를 위해 제전과 마차경주를 개최했다고 한다.",어머니,2
"작년 베를린에서 여성 전문 갤러리에서의 소녀상 전시회 당시 일본이 반대 공문을 보냈다가 공문이 공개돼 혼쭐났기 때문에 이번엔 초반에 강하게 나오지 않을 수 있다고 봤는데, 외무상까지 나서니 머리가 복잡하다.",여성,2
딸의 죽음이 반도체 공장과 관련이 있다고 확신한 AAA1의 아버지 AAA2가 딸의 영정을 안고 거리로 나서 이를 호소하면서 BBB 노동자들의 죽음의 진상을 밝히고 산재 인정을 받기 위한 기나긴 싸움은 시작되었다.,딸,2
아내가 평소 가정폭력을 일삼던 남편의 폭력에 저항하다.,아내,2
어머니에게 고착된 왕자가 꿈속에서 만난 백조를 잊지 못하는 설정은 의미가 있다.,어머니,2
대만의 명문대인 '국립 대만대학' 출신 여가수 리미가 옷을 벗기 시작하자 여자 경찰들이 미리 준비한 천으로 리미의 몸을 가렸으나 그는 공연을 계속했다.,여가수,2
"AAA1 네덜란드 총리는 애도 성명에서 ""AAA2는 현명한 전문가였으며 그녀는 개방성과 부드러움, 그리고 정직으로 국민의 마음을 얻었다.""고 밝혔다.",그녀,2
">완전 우리 엄마 맛 난다, 여기서.",엄마,2
>언니는 뭐 먹었는데?,언니,2
">나는 이제 어렸을 때부터 어머님이 계속 식당을 이것저것 하시면서 그냥 눈으로 본 거야, 그냥.",어머님,2
"늦은 저녁, 어머니를 만난 아이는 어머니 손을 잡고 다시 산동네 골목을 걸어 집으로 올라간다.",어머니,2
"시부가 심한 문초를 자행했던 배경에는 정식 혼례를 올리지 않은 AAA를 며느리로 인정하지 않았다는 점, 즉 AAA가 '근본을 알 수 없는' 여자라는 점이 놓여 있다.",며느리,2
>누나 왔다.,누나,2
"2010년 '조선민주주의인민공화국 녀성권리보장법'의 제5장의 제42조는 가정에서 여성의 재산권을 보장하며, ""수입에 관계없이 남편과 평등하게 가정 재산을 점유, 이용, 처분할 수"" 있고, ""자기의 개별 재산권을 주장할 수 있다""고 밝혔다.",자기,2
"엄마 너무 입을, 입을.",엄마,2
AAA는 르네상스 이래 전해져 내려온 역삼각형 구도를 수용하면서 그가 즐겨 사용하는 '가깝게 다가가기'에 집중 하고자 이모와 조카의 관계를 100x115 cm 크기로 묘사한다.,이모,2
그녀의 공적은 무엇보다 식민지 시기부터 해방 이후까지 민족적 자부심과 고유한 민족정신을 조선 춤으로 표현하고 지켜냈다는 데에 있다.,그녀,2
"어머니는 병우에게 의사를 물어보기는 하나, 매우 형식적이며, 끝내 자녀를 자신이 원하는 방식대로 판단하고 활동을 이끌고 있었다.",어머니,2
>어머니 새끼 맞아요?,어머니,2
"감사합니다, 부인, 저희가 하는 모든 일은 아이들을 위한 것입니다.",부인,2
나와 같은 여교사에게는 운동부 지도 전문성 제고를 위한 교육의 기회가 제공되어야 한다고 생각한다.,여교사,2
박물관은 관객들이 인류학자이기도 한 던햄 여사의 수집품 속에서 인생에 대한 그녀만의 깊은 통찰을 느낄 수 있을 것으로 기대하고 있다.,여사,2
게다가 그녀에게는 고양이가 있었다.,그녀,2
모찌가 전 아내와의 사이에서 낳은 2살배기 아들이 들러리를 섰다.,아내,2
"파라과이 공공사업통신부는 통상적인 '난개발' 방식으로 도시를 조성하려 했으나 NGO 출신의 30대 여성인 주택청 장관이 ""이제는 좀 제대로 하자""며 강력하게 제동을 걸어 정책이 변경됐다고 한다.",여성,2
호주에서 바다수영을 하던 60대 여성이 상어의 공격에 희생되는 등 최근 상어 공격에 따른 인명 피해가 속출하고 있다.,여성,2
"그녀는 음악과에서 가르치는 동시에, 프라이홀의 사감으로서 60명의 소녀들을 엄마처럼 돌보고 있다.",엄마,2
"이 드레스는 엘리자베스 2세가 1947년 필립공과 결혼할 때 입었던 것으로, 여왕 전속 의상 관리인인 앤절라 켈리와 엘리자베스 2세가 좋아하는 디자이너인 스튜어트 파빈이 수선했다.",여왕,2
"그녀는 자신의 이런 면모가 ""여성스럽지 않다고"" 여겨질 수 있겠지만 이제 자신은 ""스스로의 생각을 표현하는 습관이 생겼다고"" 당당히 이야기한다.",여성,2
러시아 공무원인 AAA는 2010년 11월 한국의 산부인과 시스템이 좋다는 지인의 추천을 받고 일부러 한국까지 찾아와 첫째 딸을 출산했다.,딸,2
AAA는 중국 관객들로부터 공연이 끝난 후 세 차례나 커튼콜을 받았고 그녀는 자신을 원하는 팬들에게 세 번씩이나 앙코르 곡을 선사하며 박수 갈채에 화답했다.,그녀,2
박 박사는 특히 남편에게서 증세가 나타나기 시작한 하와이 오아후섬에서 이 남성의 행적을 추적 중이라고 덧붙였다.,박사,2
AAA1의 어머니인 배우 AAA2는 57세 때인 2007년 난소암으로 사망했으며 이모 AAA3도 유방암과 싸우다 61세 나이로 최근 숨졌다.,AAA3,2
코번 부인은 포토맥강가에서 남편과 자녀들과 함께 뱃놀이를 즐긴후 집안 칙척이 모는 픽업트럭을 타고 집으로 돌아오던 도중 무려 4차선 거리나 떨어진 반대편 차선으로부터 날라온 쇠덩어리에 맞아 사망하는 변을 당한 것이다.,코번,2
"우선 ""교사와 지역사회 간 긴밀한 협력으로 여학생 교육에 지속해서 투자해야 한다""고 조언했다.",여학생,2
덴동어미는 하층민으로 몰락하고 남편을 네 번이나 잃고 아이까지 장애를 입었다.,덴동어미,2
의사는 딸의 외음부에서 세 군데가량 절개된 흔적을 발견했다.,딸,2
박 박사는 특히 남편에게서 증세가 나타나기 시작한 하와이 오아후섬에서 이 남성의 행적을 추적 중이라고 덧붙였다.,박,2
발달장애인의 주 돌봄자인 어머니는 배우자와 비장애인 자녀와 생활하는 사람이어야 한다.,어머니,2
그녀가 움직이면 신비로운 음들은 물의 파동을 형성하였다.,그녀,2
"1940년대말까지 ""뉴욕""메트로폴리탄·오페라·하우스""와 ""런던""의 ""코벤트·가든""에서주역 무용수로 활약했던 ""알론소""여사는 60세가훨씬 넘고 반 장님에 가까운 오늘날에도 50년전발레계에 첫 데뷔했을때 못지않은 정열과 신선감을 유지하고 있다.",여사,2
"친구와 함께 전시회를 찾은 홍콩 여성 AAA는 ""아트 바젤 홍콩은 처음 왔는데 직접 전시를 본다는 것 자체가 정말 좋은 것 같다""고 말했다.",여성,2
"한편, 관련 증거에 의하면 AAA 1은 AAA 2의 노모이고 위 다세대주택 202호에 대해서는 이미 그명의로 소유권 이전 등기가 마쳐져 있다.",노모,2
괴물에서는 딸을 구하려고 괴물과 맞서는 매점 주인 역이었다.,딸,2
블루 하이웨이에서는 아내와 직업 모두를 잃은 AAA가 미국 대륙의 횡단을 자신의 미래를 위해 새롭게 목표를 세우는 기회로 이용한다.,아내,2
제주 해녀에 대해 가장 강조하고 싶은 부분은 한국 여성으로서 사회에 기여하는 방식이다.,여성,2
"사람이 늘 고기만 먹고 살 수 없듯이, 그는 품위 있게 빛나는 폰 차스터를 두고 자신의 옛 부하였던 헤프링의 아내를 탐한다.",아내,2
순례의 심리적 억압은 그녀의 대사보다는 오히려 침묵을 통해 강하게 표현된다고 볼 수 있다.,그녀,2
"강 장관은 전날 반기문 유엔 사무총장과 면담했으며, 16일에는 'CSW 장관급 상호대화' 참석에 이어 뉴욕 한인 여성 기업인 간담회, 뉴욕 한인봉사센터 방문 등의 일정을 소화한다.",여성,2
이 소녀는 복통 때문에 지난달 21일 어머니와 함께 수도 아순시온에 있는 소아과 병원을 찾았다가 임신 사실을 알게 됐다.,어머니,2
프랑수아 올랑드 프랑스 대통령의 영부인 발레리 트리에르바일레가 한때 우파 유력 정치인 파트릭 드브쟝과 올랑드 대통령을 동시에 깊게 사귄 것으로 드러났다.,부인,2
이에 격분한 의사는 다른 소녀들을 밀쳐내고 흑인 소녀에게 달려가 목을 조르고 폭행한 것으로 확인됐다고 경찰은 밝혔다.,소녀,2
"그녀는 직접적으로 도움이 되는 경력을 쌓기 위해, 불가피하게 이직을 결정하게 된다.",그녀,2
"이 연구를 주관한 BBB대학교 로열할로웨이의 AAA 교수는 ""위기가 닥쳤을 때, 예를 들어 몸이 아플 때 여성들은 어머니나 할머니의 충고를 따른다""라고 전제하고 ""이것이 그들에게 중요하지만 과학을 무시할 수도 있다""라고 우려했다.",할머니,2
"내가 2011년 그녀를 만나기 며칠 전에, 뉴욕 및 북동부 지역의 몇몇 곳에서는 변덕스러운 10월 눈폭풍이 몰아닥쳤다.",그녀,2
마나가 아버지를 살해한 이를 무기로 내려치려는 찰나 그의 어머니가 그를 막아서며 만류하고 마나는 그를 용서하며 살려 보내준다.,어머니,2
딸들이 많으니 예쁜 녀석 하나 권번으로 보내 돈 좀 벌어 보자고 아버지를 졸라 댔던 것이다.,녀석,2
"정선이 오빠인 세인이가 워낙 유명했고, 상대적으로 정선이는 크게 튀지 않는 조용한 아이였다.",아이,2
"탈레반에 붙잡혀 있는 한국인 22명 가운데 유정화씨로 추정되는 여성은 28일 로이터통신과의 전화통화에서 이 사태의 조속한 해결을 당부하며 ""한국 정부와 미국 정부에 전해달라"", ""유엔과 유네스코, 모두에 우리를 구해달라고 전해달라""고 말했다.",여성,2
자신도 공부를 하고 싶었지만 남편의 조언에 따라 자신이 아닌 다른 사람들의 교육에 그녀의 역량을 사용하였다.,자신,2
"그는 ""특히 미국인 여성의 경우 현지인의 특징이 강한 어머니를 난자 공여자로 선택했다.",여성,2
파블로 피카소의 유명 회화 2점과 다른 데생 1점이 파리에 있는 그의 외손녀 집에서 도난당했다고 경찰이 28일 밝혔다.,외손녀,2
텐트 벽에는 말 그대로 그녀와 잠자리를 같이 했던 사람들의 이름이 적혀있다.,그녀,2
AAA는 초등학교 때부터 어머니의 권유로 멀리 있는 유명한 학원에 다니면서 선행학습을 하였다.,어머니,2
"에든버러 북쪽 파이프의 이든 하구에서 영감을 얻 은 ""텐츠뮤어(Tentsmuir)""라는 작품에서) 그녀는 스코틀랜드뿐만 아니 라 저 멀리 아이슬란드에서 발생하는 하르에 대해서도 언급하고 있 다.",그녀,2
"그녀를 민족정체성 차원에서 ‘탄자니아인’으로 부를 수 있게끔 하는 것은, 흔히 우리가 내셔널 정체성과 관련하여 상정하듯이, 그 어떤 종족적, 언어적, 문화적 뿌리와 연관된 것이 아니다.",그녀,2
"AAA1은 올해 초 BBB1와의 인터뷰에서 ""흑인을 AAA2 같은 BBB2의 백인 수석 여자 무용수와 한 무대에 세우다니 그 대담함을 상상이나 할 수 있느냐""고 회고했다.",여자,2
그녀는 영국에서 태어났지만 어렸을 때부터 여러 나라를 떠돌며 살았다고 했다.,그녀,2
"일본신문들은 부인과 보좌관까지 대동한 국회의원들이""유럽""을 방문할 때쯤이면""유럽""국회의원들도 이미 여름휴가를 맞아 사무실을 떠난 후가 될 것이라고 주장하면서 일본의원들은 고작 방문국주재 일본대사관을 잠시 들른후 해변가나 박물관,또는 극장이나 다니는 것이 시찰의 전부라고 주장했다.",부인,2
"음악적인 가정에서 태어난""웨버""는 어렸을때부터 작곡에 남다른 재능을 보여 8세때부터 뮤지컬을 작곡하기 시작했다．그의 아버지 ""윌리엄""은 유명한 오르가니스트이자 피아니스트로 18년동안 ""런던""음악대학 학장으로 재직한 이나라지도적인 음악가였고 어머니 또한 재능있는 피아니스트였다.",어머니,2
북한전이 펼쳐지는 날 생일을 맞은 여자 축구 국가대표팀 공격수 AAA이 특별한 선물을 받았다.,여자,2
"AAA1의 아내인 AAA2는 별세 소식을 전하며 ""고인은 위대했으며 그와 함께 33년을 함께 살았다는 것은 특권이었다""라고 말했다.",아내,2
원작에 없는 침모를 리처드는 술에 취해 계속 버킹엄이라 부르며 희롱한다.,침모,2
"인도네시아 보건부는 20일 서부 자바주의 와나라자 지방에 사는 AAA라는 이름의 여성 환자가 전날 숨졌으며, 혈액 검사 결과 인체에 치명적인 H5N1형 AI 바이러스에 감염된 것으로 확인됐다고 밝혔다.",여성,2
"코빈 대표는 ""여성, 소수민족, 다른 종교들에 대한 끊임없는 공격적 발언들은 차치하고 도널드 트럼프에 대한 최대 실망은 유엔이나 유네스코 같은 국제기구들을 지지하지 않은 것""이라고 지목했다.",여성,2
"미술비평가로서의 역할을 잠시 보류한 채, 그는 직접 작품의 내부로 들어가서 우는 소녀를 달래주는 한 남성으로서 존재하며 다음과 같이 말을 이어나간다.",소녀,2
>어머님의 꿈을 위해서.,어머님,2
이 여성 간호사의 신원은 구체적으로 확인되지 않았으며 지난 8일 사망한 미국 내 첫 에볼라 환자 AAA의 혈액을 관리한 것으로만 알려졌다.,여성,2
"이태호 외교부 2차관은 29일 미국 뉴욕에서 열린 '유엔 안보리 여성·평화·안보 관련 공개토의'에 참석, 분쟁하 성폭력 대응 등 국제사회의 관련 논의에 적극적으로 참여하겠다는 입장을 밝혔다.",여성,2
중국 측 실무 참여자인 AAA1과 그의 부인인 AAA2가 공동 필명으로 사용 한 '연정'의 회고록과 연구가 있다.,AAA2,2
"진정고 여신을 믿는 마을 사람들은 그를 '내랑'(유모), 높여서 '부인', 친근하게 '고모 할머니(태고파)', '할머니신(파신)'이라 부른다.",할머니신,2
장애가 심한 아들에게 헤로인을 투약해 숨지게 한 모친의 행위를 놓고 영국 내에서 논란이 일고 있다.,모친,2
"그녀는 오히려 공감, 감정 지향적 윤리의 더 넓은 틀 내에서 해석했다.",그녀,2
AAA는 사망 4개월만에 최초의 공화국 영웅 칭호를 받은 여성임에도 그녀에 대한 기록은 매우 간략하다.,여성,2
"이에 따라 승상 부인은 심청에게 많은 공감과 애정을 직접 표현하고, 지속적으로 심청에게 맹목적 사랑을 베푼다.",부인,2
그는 지난해 6월 김 할머니 등 피해자 3명과 서울 마포구 전쟁과여성인권박물관에서 만났을 때 유엔이 위안부 문제 해결을 돕겠다는 뜻을 밝혔다.,할머니,2
"이 학교 사회과 교사인 AAA는 ""게이 남성, 레즈비언 여성, 성전환한 사람들에게 어떠했는지를 보려고 한다""고 과목의 내용을 설명했다.",여성,2
"이 장면은 콩브레의 도입부에 속하는 '잠자리의 드라마'의 결말로, 유년기 주인공의 어머니가 아이의 불안을 달래기 위해 그의 방에서 하룻밤을 보내며 책을 낭독하는 장면이다.",어머니,2
"그는 동네의 혼자 사는 할머니를 돌보는데, 그녀의 아들은 사고로 물에 빠져 익사하였다.",그녀,2
동무가 살던 시골로 간 주인공은 그의 어머니에게 믿음직스러운 아들의 자리를 채워주려는 여러 일을 돕기 시작한다.,어머니,2
가장 눈길을 끄는 것은 머리와 어깨에 무거운 짐보따리를 진 어머니가 굶주림에 지쳐 흙바닥에 쓰러진 어린 딸을 일으켜 세우는 사진이다.,어머니,2
부인 AAA는 대통령이 흡연을 그만두게 하도록 온갖 시도를 한 것으로 알려졌다.,부인,2
"그녀가 수집한 미술품에는 잭슨 폴록, 로버트 머더웰, 마크 로스코, 한스 호프만 등의 작품들이 있다.",그녀,2
부인 AAA 1과 측근 AAA 2 방위상에게 쏠렸던 의혹의 화살이 AAA 3 총리 자신을 향하게 된 것이다.,부인,2
63년 케네디대통령이 암살당할 때까지 10년간 이어졌던 재클린여사의 결혼생활은 화려한 외형과는 달리 행복했던 것 같지는 않다.,여사,2
노르웨이 베스트폴주 홀메스트란에 거주하는 AAA(37·여) 씨는 최근 남편과 함께 인도 뉴델리 시내에 위치한 BBB의 불임센터를 방문했다.,AAA,2
"1714년 호에서, 그녀는 주어진 높이 H의 원뿔 안에 있는 원형 실린더와 관련된 문제를 제기한다.",그녀,2
그는 앞에는 팔대부고 뒤에는 사대부라며 양반임을 주장하고 그 많던 재산을 서울애기라는 기생에게 빠져 탕진했노라고 하소연 한다.,기생,2
"곧 남은진이 처음 남역 배우가 된 계기, 훈련의 과정, 여성에서 남성 인물로 분장을 하는 과정과 춘향전의 일부 장면 재연을 보여주었다.",배우,2
"그녀는 ""군부대를 주된 배경으로 하는데 (유럽 유일의 분단국인) 키프로스에 있는 실제 군부대를 직접 가서 보고 그 모습을 무대배경으로 삼았다""며 현장감이 느껴질 것이라고 말했다.",그녀,2
그녀의 경영진도 그녀의 결정에 동의했습니다.,그녀,2
그녀는 한국 정부에서 자신과 같은 결혼이주민을 위하여 취업 전 교육뿐만 아니라 취업 후 재교육도 필요함을 강조하였다.,자신,2
영국 윌리엄 왕세손 부부의 딸 샬럿 공주가 태어나자마자 업체들이 기념품 제작에 뛰어들었다.,딸,2
"이때 여성은 직장 동료로서 인식되지 않으며, 그녀의 행동 또한 업무 외적인 행동으로 왜곡된다.",여성,2
>저렇게 할머니도 모시고 해드리고.,할머니,2
원작에서는 정영이 친자를 희생시키는 매우 고통스러운 결정을 어떻게 내렸는지 또한 어떻게 아내를 어렵게 설득했는지에 대해 거의 언급하지 않는다.,아내,2
"그녀는 1946년 코미디 작품 '로코'로 브로드웨이 무대에 데뷔한 후 영화와 뮤지컬, TV드라마 등에서 60여년간 활약하며 3차례 에미상을 받았으며 토니상 후보에도 5차례나 올랐다.",그녀,2
"증례로 특이 병력 없던 27세 여자가 어머니에게 수면제를 먹고 죽겠다고 전화한 후 연락이 두절되었고, 약 1시간 후 길거리에 쓰러져 있는 상태로 발견되어 응급실에 왔다.",여자,2
지난해 제69차 총회에서 역대 대통령 가운데 처음으로 일본군 위안부 문제를 언급한데 이어 2년 연속으로 이 문제를 거론하며 국제사회 이슈화에 나선 것이다.,위안부,2
비디오 아트의 창시자 AAA1이 타계한 지 5년이 지났지만 그의 아내 AAA2 여사는 여전히 그를 꿈에서 본다고 말했다.,여사,2
라반은 자기의 여종 질파를 딸 레아에게 몸종으로 주었다.,딸,2
AAA 총리는 코리아 타임즈와의 인터뷰를 통해 생산적이고 혁신적인 경제 발전을 위해 한국의 경제를 주시하고 협력을 모색하고 있다고 밝혔다.,AAA,3
">아, 나는 너무 착하게 썼어요.",나,3
"AAA는 ""할 수 있다, 하면 반드시 된다""는 신념을 갖고 끊임없이 새로운 사업에 도전하였다.",AAA,3
그렇지만 앞으로 자리가 생길 때를 대비하여 AAA씨에 대한 정보는 갖고 있겠습니다.,AAA,3
그리고 전장에 나가 주검으로 돌아온 미곤의 관이 자신 앞에서 움직이질 않자 문희는 비로소 미곤이 자신의 본래 꿈이었음을 깨닫는다.,미곤,3
">로제야, 너도 손 한번 잡아줘라.",로제,3
"영국에서 가장 사랑받던 TV 진행자 중 하나였던 그는 방송에 입문하기 전 군 장교를 지냈고, 식당에서 벽화를 그리는 일을 했다.",장교,3
해머를 던지는 가장 좋은 방법은 선수가 빙빙 돌면서 해머를 자기 주위로 원운동시키다가 놓아주는 것이다.,선수,3
펠로시 의장은 추가 부양 법안이 이달 중 통과되기를 바란다고 소속 의원들에게 주문했다.,의장,3
"그의 자식을 낳아준 아내인 레아는 활동적 삶의 은유이며, 야곱의 사랑을 받은 아내인 라헬은 관조적 삶의 은유이다.",야곱,3
그는 볼츠만의 통계적 접근법이 틀렸다는 것을 보여줄 방법을 어떻게든 찾아야 했고 흑체복사라고 불리는 성질을 싸움터로 선택했다.,볼츠만,3
"연구소의 물리학자 브라이언 스트라지사르는 ""이산화탄소가 예측했던 장소로 보내졌는지, 다시 대기 중으로 돌아간 것은 아닌지, 아니면 의도하지 않은 지층으로 갔는지 검증을 할 필요가 있다""며 ""과불화탄소 꼬리표가 이에 도움이 될 것""이라고 말했다.",물리학자,3
나는 도시의 모든 이민자 학생들을 위해 유료 게스트 하우스를 열려고 합니다.,나,3
"그는 ""북한보다 더 오랫동안 미국의 극단적이고 직접적인 핵 위협을 받아오고 문 앞에서 가장 흉악하고 악랄한 핵전쟁 훈련을 목격해온 나라는 없다""고 주장했다.",그,3
어느 프로그래머는 그의 저서에 한 통신회사의 영업 비밀에 해당되는 내용을 적어 놓았다.,프로그래머,3
AAA1은 동편제 소리꾼 AAA2와 AAA3에게 배웠기 때문에 그의소리는 통성으로 내 뿜는 힘과 무게가 실려 있어 단단하고 묵직하다.,그,3
"가장 낮은 평균을 나타낸 값은 ""나는 업무 수행에 주도권이 없다""로 평균값이 5.07, 표준 편차는 1.47이다.",나,3
소비자 물가지수는 가격 변화에 대한 당신의 개인적 경험을 측정하지 못할 수도 있다.,당신,3
"본고에서 주목한 것은 김양기 고유의 남채화에 대한 해석은 아버지 김홍도의 작품보다, 중국의 어떤 ""남채화도""보다 더욱더 아름답게 그려졌다는 점이다.",김홍도,3
감사가 입수한 회사의 업무 관련 정보를 자신의 이익을 위해 행사하는 이해 상충의 문제가 발생할 수 있다.,감사,3
"아빠의 존재는 AAA 1에게 AAA 2의 가사처럼 엄마에게 폭력을 행사하는 ""야만인 잔인한 사람""으로 비친다.",AAA 2,3
인선왕후는 판서 댁의 아기가 중한 병에 걸려 있는 것을 마음 아파하며 궁중의원을 보내고자 한다.,의원,3
그는 이듬해인 1998년에 찬스 2000이라는 정당을 창당했다.,그,3
기사로 보셨군요.,기사,3
"유네스코는 아줄레 총장이 문 대통령에게 세 가지의 핵심 부문, 즉 문화유산·교육·과학 부문의 남북 협력 필요성을 강조하고, 이런 의제들을 북한과도 향후 논의해나갈 것이라고 밝혔다고 전했다.",총장,3
"사람이 늘 고기만 먹고 살 수 없듯이, 그는 품위 있게 빛나는 폰 차스터를 두고 자신의 옛 부하였던 헤프링의 아내를 탐한다.",자신,3
"AAA1 대통령은 대선 야당 후보로 유세하던 2004년 9월 우크라이나 보안국(SBU)의 AAA2 전 국장, AAA3 전 차장과 식사를 한 다음 날 모종의 질병을 앓으면서 얼굴 피부가 변형됐다.",국장,3
"디바이스의 사용자는 자신의 디바이스 리스트를 검색하여, 서버에 등록되어 있는 디바이스와 현재 설치 가능한 디바이스를 동시에 확인할 수 있다.",자신,3
국제 정치를 전공하기 전 직업 피아니스트를 꿈꾸기도했던 AAA1 전 장관은 국무장관 재직 중에도 틈틈이 현악4중주단과 실내악 연주에 참여했으며 유명 첼리스트 AAA2 등과 협연하기도 했다.,전 장관,3
"AAA1은 올해 초 BBB1와의 인터뷰에서 ""흑인을 AAA2 같은 BBB2의 백인 수석 여자 무용수와 한 무대에 세우다니 그 대담함을 상상이나 할 수 있느냐""고 회고했다.",수석,3
박사학위를 받은 후 체코 프라하의 독일 대학에서 베어왈트의 조수로 지내던 바르가는 베어왈트가 1941년 우즈 게토로 추방되는 등 연구할 여건이 되지 않자 고향인 헝가리로 돌아갈 수 밖에 없었다.,베어왈트,3
두 값을 아무리 뒤섞어도 당신은 길이 단위를 갖는 물리 량을 얻을 수 없다.,당신,3
"그는 이어 FIFA 조직이 부패한 것은 제프 블라터 회장의 1인 통치, '원맨쇼'에서 벗어나지 못했기 때문이라고 진단하고 시스템 개혁의 당위성을 강조했다.",제프 블라터,3
그동안 실무에서는 준법 감시인이 내부 통제를 총괄하는 것으로 인식되어 업무 부담이 상당한 반면 감독 기관의 주의 요구만으로 직위가 박탈되어 상시적 신분 불안과 제재 가능성에 노출되어 있다는 지적이 있어 왔다.,준법 감시인,3
지금은 방송사 정치부 기자인 발레리 트리에르베일레와 함께 살고 있다.,발레리 트리에르베일레,3
그 결과 놀랍게도 그는 이미 고향인 극동 `콤소몰스크 나 아무르' 현지 법원에서 행방 불명자로 분류돼 러시아 연방 정부가 3년째 그의 가족에게 연금을 지급하고 있는 상태였다.,나,3
"일단 당신이 낯선 숫자 체계를 통과하면, 실수들은 너무나 익숙해진다.",당신,3
"이 명제는 내 언어의 한계는 우주의 한계다, 라고 말한 독일의 문인 괴테의 어록을 연상시키기도 한다.",내,3
보이스의 출현과 그의 유리관-설치 작품은 뒤셀도르프를 중심으로 활동하던 신진작가들에게 제3제국 시절과 전후 분단국가와 개인사에 관심을 증폭시킨다.,그,3
"리더십 강의가 성행하는 만큼, 오늘도 나의 팀장 때문에 하루가 우울해지는 만큼, 생산 과정에서 경영의 비효율성은 부인하기 어렵다.",나,3
이상혁은 남병길과 함께 연구하면서도 자신만의 산학책을 썼다.,자신,3
"17세기 전반기에 주로 활동한 조각승 인균은 현진, 청헌, 응원 등과 함께 당대 최고 수준의 대조각승으로 잘 알려져 있다.",대조각승,3
"카페 연극이라면, 흔히 내부에 무대를 만들어 놓고 관객이 다과를 즐기며 감상하는 그런 장면이 떠오르겠지만, 이곳은 다르다.",관객,3
AAA에게 어머니는 차후에는 가볍게 올무를 만들어 조심스레 집으로 끌고와 여물통 앞에 묶어두고 건초를 주라고 조언한다.,AAA,3
그와 타협하는 과정에서 학점 부풀리기가 조장된다는 진단이다.,그,3
"마돈나는 이날 브라질 국기를 사용하지 못한다는 한 리우 재판소의 결정에 따라 브라질 최고인기를 누리고 있는 플라멩고 축구팀기를 온 몸에 휘감은채 공연, 관중의 열기를 더욱 고조시킨 셈.",마돈나,3
그는 자신과 생각이 다른 사람들을 자신의 견해가 상식이라고 주장함으로써 비난한다.,사람,3
헌트 장관은 또 유네스코 세계자연유산으로 지정된 산호초 군락지역인 그레이트 배리어 리프를 보존하기 위해 이바지한 점도 높이 평가됐다.,장관,3
"이 BBB의 독재 체제는 시장 경제와 민주주의의 정상적인 발전을 가로막고 있고, 따라서 이를 바로잡지 않고선 우리가 선진 사회로 나아갈 수 없다고 했다.",BBB,3
"AAA 회장은 올해 만 78세로, 지난 1971년 BBB1을 설립한 뒤 BBB2 교수를 겸직하며 다보스포럼을 세계 최고 권위의 사회·경제 콘퍼런스로 발전시켰다.",회장,3
당신의 경제학 교수는 온라인에서의 시장게임이 학생들에게 경제학을 이해하도록 도움을 주는 지 궁금해한다.,교수,3
세입자 보호를 위해 퇴거 조치 유예와 연방 학자금 대출 이자 유예 등이 포함된 행정 명령에 서명했다.,세입자,3
문 대통령은 미얀마가 지난해 한국 관광객에 대한 비자 면제를 시행한 이래 한국 국민의 미얀마 방문이 늘어난 것을 높이 평가하며 양국의 문화적·인적 교류 모멘텀이 지속하기를 바란다고 말했다.,대통령,3
"AAA1 유니세프 총재는 ""AAA2가 전 세계의 취약 아동·청소년의 권리를 위해 열정과 헌신을 다할 것으로 믿고 있다""고 기대했다.",청소년,3
자신의 창조적인 신규 음악을 선보일 기회를 갖게할 것이라고 설명한 바 있다고 한다.,자신,3
"그의 관점에서 볼 때, 타자를 자기화하는 전통적인 관점에서 타인과의 관계는 나의 존재를 유지하기 위한 연장과 다르지 않다.",나,3
"그는 ""건의에 상관없이 해임하려 했다""며 코미 전 국장에 대해 ""그는 '순회공연선'이고, '그랜드스탠더'이다.",국장,3
"좋아, 그게 정말 당신이 원하는 것이라면.",당신,3
이 정도는 박물관을 방문한 고위인사의 예의로서 어느 정도 예상할 수 있는 것이지만 오바마 대통령은 평소에도 가장 저녁식사를 함께 하고픈 사람으로 간디를 지목할 정도로 간디에 대한 존경심이 깊은 인물이다.,오바마,3
자신의 재선을 막판까지 막았던 폴란드 정부와의 새로운 관계정립은 EU가 통합의 길로 나아가기 위해 반드시 풀어야 할 난제로 꼽힌다.,자신,3
이 백과사전에는 자신이 판단하기에 훌륭한 인물 또는 비난받는 인물이 모두 포함되어야 한다.,자신,3
아직 그랜드 피아노의 페달에 발이 닫지 않을 정도로 꼬마인 피아니스트 AAA는 31일 런던 로열앨버트홀에서 열리는 BBB에 연주한다.,피아니스트,3
"개인 학원을 운영하기 위해 강사로 활동하거나, 중·고등학교 예술 강사로의 출강준비, 무용단 가입을 준비하기도 하였다.",개인,3
나는 국제 판매 관계와 관련하여 많은 것을 배웠습니다.,나,3
주문 생산량을 관리하기 위한 출장으로 귀하의 업무는 다녀와서 진행할 수 있을 것 같습니다.,귀하,3
"노워크는 이날 법정에 출석한 시프먼에게 자신의 행동을 사과했으며, 이번 사건을 담당한 플로리다주 오렌지 카운티 순회법원의 마크 루벳 판사는 노워크에게 앞으로 시프먼과 오페라인에게 접근하지 말 것을 명령했다.",자신,3
"그러면서 검사역량에 비해 수요가 예상보다 적다며, 보다 많은 사람이 검사를 받을 수 있도록 검사 대상을 확대하고 접근성을 개선하겠다고 약속했다.",사람,3
"나는 조별 과제를 할 때, 과제를 완성할 수 있도록 조원을 격려한다.",나,3
"신데렐라는 케임브리지 대학의 수학우등시험을 준비하면서 사용했던 책을 읽으며 “전 책과 함께 남겨진 데 완전히 만족해요.""라고 말한다.",신데렐라,3
르펜 당수는 앞으로도 교섭단체 구성을 위해 계속 노력할 것이라고 강조했다.,당수,3
"분교에서 수업할 때 선생님과 일대 일로 공부해서 부담스럽진 않았는데, 혼날때는 혼나야하는 데 그게 힘들었다.",선생님,3
난 속이 알찬 걸 좋아해서.,나,3
"하지만 네 말이 맞아, 그게 더 안전할 거야.",너,3
법원 기록에 따르면 머리 박사는 잭슨의 런던 공연 기간 그의 건강 관리를 담당해 주기로 계약했던 지난 5월 당시 자금난을 겪고 있었던 것으로 드러났다.,잭슨,3
집 밖으로 나오면 경찰이나 구청에 신고하겠다는 경고와 함께 말이다.,경찰,3
그들의 글에서 그들은 그가 우리의 영웅들 중 하나라는 것을 인정했다.,그,3
독일 작가 AAA1의 'FFF'를 토대로 한 이 작품은 크리스마스 이브에 호두까기 인형을 선물 받은 소녀 AAA2가 꿈속에서 왕자로 변한 호두까기 인형과 함께 과자의 나라를 여행하는 줄거리다.,AAA1,3
"응답자 F는 치아가 협설측으로 어디에 있는지 보이고, 설측 뼈가 얇아서 놀랐다고 응답했다.",응답자,3
한 베를린 교민은 어느 날 아이가 유치원에서 배워 온 동요에 인종 차별적인 율동이 섞여 있는 것을 보고 놀랐다고 했다.,교민,3
"오설리번은 현역시절 수십편의 영화에 출연했지만 출세작은 지난 32년 올림픽 수영 금메달리스트 출신인 조니 와이스뮬러와 공연한 ""원시인 타잔""이며 후속 시리즈물에도 타잔의 여자 '제인'으로 계속 출연해 폭발적인 인기를 누렸다.",타잔,3
"AAA가 협정 체결 과정을 아무리 합리적 행위라 생각하여도, 그의 인식 여부와 상관없이 협정 체결 전체가 한국 국민 전체를 관객으로 펼친 조악한 공연이 되고 말았다.",AAA,3
"AAA를 취재하고 이해하는 과정에서, 부모를 애도하지 못한 자신의 마음을 이해하게 된 것이다.",자신,3
앞서 보리스 존슨 영국 총리는 공동 성명 직전 대국민 담화에서 항공편을 이용해 영국에 입국하는 이들에 대한 격리 조치를 곧 도입할 계획이라고 밝혔다.,총리,3
특히 이번 작품 모집에서 지난 해 금영삼 대통령이 일본을 방문했을때 특별 강연을 했던 와세다 대학 부속 '와세다 고등 학원'에서는 3학년 학생 1백62명 전원이 작품을 내 화제가 됐다.,대통령,3
"팝스타 아리아나 그란데, 영화 '보헤미안 랩소디' 주연 라미 말렉, 영화배우 겸 제작자 드웨인 존슨 등과 함께 이름을 올렸다.",아리아나 그란데,3
"우리는 내가 봉투를 골라 열고 안에 1,000달러를 찾아낸다고 가정한다.",내,3
"샤프너 교수는 ""미국의 상황은 현재 다양하다""면서 ""지금은 뉴욕이 가장 심각한 지역이지만 향후 3~6주 내 다른 지역들에서도 환자가 급증할 수 있고, 반대로 사회적 거리두기로 통제가 될 수 있다""고 설명했다.",샤프너,3
"우주는 주로 수소로 구성되어 있다면, 당신은 우주의 총 원자 수를 추정할 수 있는가?",당신,3
위생국에 따르면 캐나다에서 2년간 거주한 이 환자는 아내와 함께 BBB편으로 16일 베이징에 도착해 자신의 승용차로 베이징 자택으로 향했다.,환자,3
"화학교사 2: 제가 그린 모델의 관계 그림은 아레니우스의 산과 염기이면 무조건 그 물질은 브뢴스테드 로우리, 루이스 산, 염기잖아요.",제,3
>활동하면 보면 항상 사람들이 바라보는 저만 바라보다 보니까 내가 원래 좋아하던 게 뭐지?,내,3
AAA 유럽 연합(EU) 환경 담당 집행 위원이 관용 차량을 유럽 차가 아닌 일본 차로 교체할 생각인 것으로 알려지면서 유럽 자동차 업계를 화나게하고 있다고 BBB 방송이 2일 보도했다.,집행 위원,3
"특히 T2 시점에서 영양 섭취, 피부 변화, 부정적 심리 클러스터에서 중증군으로 분류된 집단의 증상 점수가 높았는데 이러한 결과로부터 회복기에도 특정 증상클러스터에서 중증의 증상을 경험하는 환자에 대해서는 집중적인 관리가 필요하다고 생각된다.",환자,3
AAA 총리는 의회의 신임을 얻자마자 이날 바로 독일로 향했다.,AAA,3
상하이의 한 호텔에 체류 중인 미국의 AAA 뉴올리언즈 시장 부부와 경호원 한 명은 앞서 여행 시 비행기에 동승한 여행객이 신종플루에 감염된 것으로 확인되면서 검사 등을 위해 격리됐다.,여행객,3
그는 수집된 정보를 조합하여 기존의 모형을 더욱 사실에 가까운 버전으로 업그레이드 하였다.,그,3
"22일(이하 현지시간) AP통신에 따르면 정책연구기관 미국외교협회(CFR)의 스튜어트 패트릭 수석연구위원은 시리아 문제에 대해 보여준 반 총장의 모습이 전세계 대표 외교관이라는 자리에 비해 ""좀 순진했던""게 아니냐고 지적했다.",외교관,3
1921년 AAA 1는 AAA 2를 만나면서 그의 영향을 받아 AAA 2의 정신분석학설을 기반으로 하는 초현실주의의 개념을 정립하게 되었다.,AAA 1,3
예비교사는 자신의 고등학생 시절에 이러한 실험에 참여했다면 정말 좋았을 것이라고 대답하였다.,교사,3
"당시 그는 AAA1, AAA2 교수와 민주주의에 대해 깊은 대화를 나누고, 이제 국민 국가 수준의 민주주의를 차원을 달리하여 새롭게 발전시켜야 한다는 데 서로 뜻을 같이 했다.",교수,3
이 글에서는 AAA1의 작품을 조선조형예술동맹과 조선미술동맹의 위원장으로 중도 좌파적 입장을 견지했던 AAA2의 미술론과 연결시켜 살펴보았다.,AAA2,3
이 과정에서 중국인 사업가 마위눙(Ma Yunong)과 그의 회사 시젯 인터내셔널(Seajet International)이 핵심적인 역할을 했다.,사업가,3
베이조스는 우주 비행에 앞서 미국 국립 항공우주박물관을 운영하는 스미스소니언 협회에 2억 달러를 낸 데 이어 자선사업 및 사회활동가 2명에게 같은 금액을 전달했다.,베이조스,3
이렇게 시작된 숙고는 추상적 수준에서가 아니라 구체적으로 자신이 아이들과 만들어갔던 특정한 교과수업 과정들에 대한 면밀한 검토로 이어질 수 있다.,자신,3
또한 그는 영화감독 장석태의 선배이고 후배의 영화 제작에 스폰서를 해 주는 사이이기 때문에 세 인물은 서로 연결되어 있다.,그,3
가해자로부터뿐만 아니라 지정된 보험자에게도 보험금청구권을 행사하여 그로부터도 중복적으로 급부를 받게 되는 경우에는 보험계약자의 이익이 전보의 대상보다 더 확장되기 때문이다.,보험자,3
>얘가 이렇게 걸어가고.,얘,3
"무엇을 도와드릴까요, 고객님?",고객님,3
"신문은 AAA 국방 위원장에 대해 ""21세의 3대 바보는 음악의 문외한과 흡연가, 컴맹""이라고 말할 정도로 음악에 조예가 깊다면서도 인민들의 음악을 듣는 자유를 철저히 통제하고 있는 인물로 소개했다.",AAA,3
"하오카이쥔 주민위 부주임은 ""(조씨가) '일선에서 고생하는 여러분 고생이 많다'면서 여행용 가방을 하나 끌고 왔는데 그 안에는 마스크가 가득 들어 있었다""고 전했다.",주임,3
"이와 관련, 아드난 만소르 말레이시아 관광부 장관은 최근 말레이시아 무용단이 일본에서 공연한 엔당춤이 인도네시아 전통무용이라는 점을 강조하는 내용의 공문을 인도네시아 정부로부터 받았다고 말했다.",장관,3
이러한 교정으로 말미암아 아이는 그에게 주어진 삶의 형식으로 입문하게 되는 것이다.,아이,3
나는 당신의 4원색에 조만간 도전할 것 같지 않다.,당신,3
당신은 내가 수학적으로 불가능한 상상을 하고 있다고 생각할 것이다.,당신,3
1977년 말에 부주석 AAA1을 비롯한 후계 체제 비판 연루자들이 숙청되면서 후계자 AAA2의 위상 회복을 위한 환경이 조성되었다.,부주석,3
본인이 불입한 정치자금 기부금을 환급받을 때에는 당해 연도에 납부할 세금이 존재하는 경우에만 환급해주고 있는 것이다.,본인,3
피고인이 자신의 방어권 행사의 일환으로 '자신이 범행 후 얼마나 반성하고 있으며 피해 회복을 위해 노력하고 있는지'를 보여주기 위해 소위 말하는 형사 합의 절차를 진행하기를 원한다면 법원이 이를 거부할 수 있을까?,피고인,3
양수인 측을 학교 법인의 임원으로 선임해 주는 대가로 양도 대금을 받기로 하는 내용의 청탁을 받았다.,양수인,3
"프렌드는 게임 진행 중 프렌드 카드를 테이블에 내려놓는 순간, 주공을 포함하여 모든 플레이어에게 자신의 정체가 명시적으로 밝혀진다.",주공,3
AAA1 총리뿐 아니라 네덜란드와 독일 순방을 위해 이날 출국한 AAA2 대통령과 새누리당을 향해서도 공세의 고삐를 바짝 죄었다.,대통령,3
"그는 ""이는 위대한 시민의 완벽한 승리""라며 ""시민 저항권을 보장하는 것이 시장의 역할이라고 생각해 안전 사고를 예방하고 편의를 제공했다.""고 말했다.",그,3
그는 예수의 죽음에 책임이 있는 유대인들의 개종을 촉구하고 있는 것이다.,그,3
올랑드 대통령은 지난 1월 여배우 쥘리 가예와 사귀고 있다는 사실이 한 연예 주간지를 통해 보도되면서 7년간 함께 살아온 두 번째 동거녀인 발레리 트리에르바일레와 결별한 바 있다.,발레리 트리에르바일레,3
나는 또한 우리 회사의 비즈니스 운영에 영향을 미치는 빈번한 연결 끊김을 경험했습니다.,나,3
전자는 업무 집행 지시자 등의 대부분은 대주주와 그의 특수 관계인이므로 이들의 책임을 감면하는 것은 현실적으로 주주들의 동의를 얻기 어려울 뿐만 아니라 사리에도 맞지 않는다고 주장한다.,그,3
자녀의 시간에 맞춰서 움직이다보면 자신이 한국에 적응하기 위해 배워야 하거나 해야 할 일들을 하나도 할 수가없다.,자녀,3
수탁자가 신탁부동산을 임의로 처분하더라도 자기 소유 재물의 처분이다.,자기,3
내일 뵙고 AAA1씨 좋은 하루 되세요.,AAA1,3
"AAA 1은 AAA 2가 교정을 하지 않은 채 차운시를 보내자 ""모과를 바치면서 어찌 옥구슬을 바라겠냐만 자애롭게 고쳐주길 기다릴 뿐""이라며 거듭 시의 교정을 요청한다.",AAA 1,3
실존적 영토의 발생은 그가 “리토르넬로”(ritournelle)라고 부르는 것으로부터 시작된다.,리토르넬로,3
제가 차지도 모자라지도 않을 정도로 골라드리겠습니다.,제,3
"이삼은 유배지 곤양에는 일가친척이나 지인들이 없어서, 정치적 패배자인 자신을 찾아올 사람이 없었다.",사람,3
프랑수아 올랑드 프랑스 대통령이 연인 발레리 트리에르바일레가 제기한 명예훼손 소송과 관련해 법원에 압력을 행사하려 했다는 의혹을 사고 있다.,대통령,3
"AAA 대사는 ""양국 간 지혜를 모으는 소통은 무엇보다도 상호 존중, 상대방의 입장을 서로 존중하는 것이 중요하다""면서 상호 존중과 이해를 바탕으로 해법을 찾겠다고 말했다.",대사,3
1월 10일에 귀하께 최신 체온계가 포함된 카달로그를 요청하는 메일을 보냈습니다.,귀하,3
나는 기업이 근로자에게 공정한 임금을 주는지 고려하여 상품을 구매한다.,근로자,3
마지막으로 행복추구권과 관련해서는 행복추구권이 보충적 기본권으로 교육의원 피선 거 자격 제한이 공무담임권이나 평등권 침해 여부와 관련이 있고 이를 판단하였다면 행복추구권 침해 여부를 판단할 필요가 없다는 헌법재판소의 판단이 옳다고 생각한다.,교육의원,3
철수가 원산 중학 시절에 했던 학생운동은 강직한 신념을 행동에 옮기는 실천가의 면모를 대변한다.,철수,3
"이 장애를 한 번에 극복할 방법은 특별한 연줄, 자신을 공적 영역으로 날려줄 힘이 있는 연줄을 만드는 것이다.",자신,3
"AAA1 대사는 ""AAA2 대통령은 내가 내 생각을 말하고, 그의 생각을 해석하는 데 많은 재량권을 줬다""고 말했다.",나,3
그에게서 혁신에 대한 개방성과 혁신을 추종하는 이들에 대한 불신은 결정론적 예술사관의 거부라는 같은 뿌리를 가지고 있다.,그,3
그의 이름은 버지니아에서 온 AAA입니다.,그,3
"에이전트는 보통 자신이 정한 이자율을 바탕으로 채무자에게서 원금과 이자를 돌려받는데, AAA1은 AAA2의 고향 후배이자 사촌의 친구였기 때문에 저금리로 돈을 빌릴 수 있었다.",AAA1,3
"AAA는 ""내가 아는 모든 세계""의 ""편견들""과 삶에 대해 ""내가 생각했던 답""이 ""자꾸 깨지는 느낌""을 받았다고 회고한다.",AAA,3
"영조는 이삼이 1735년 그의 나이 59세에 고향인 노성에서 죽자 치제문을 내리고 그의 죽음을 슬퍼하였고, 가자하여 좌찬성 함은 부원군에 추서하였다.",영조,3
벨기에 외무장관을 역임한 AAA 위원은 지난 2005년 장관 재직 당시 주식 및 부동산 거래에서 약 90만 유로(약 13억 원)의 세금을 탈루한 혐의로 벨기에 세무당국의 추적을 받아왔다.,AAA 위원,3
"AAA1 실장은 AAA2 대통령이 오는 2013년 8월 15일까지인 임기를 무사히 마칠 것이라면서 ""집권을 바라는 정치인들은 2013년 대선 때까지 기다려야 할 것""이라고 강조했다.",AAA2,3
"에이, 그래도 정찬성 선수랑 나는 그래도 이렇게 텀블러 정도는 써도 되잖아.",선수,3
미리 준비한 사진과 SandUp 앱 모두를 아이에게 보여주며 모래 블록 쌓기 놀이를 할 것인데 어느 것으로 진행하고 싶은지 물어봤다.,아이,3
당신은 내가 아는 유일한 다국적 기업가로서 정당한 절차를 따르지 않습니다.,내,3
"그는 ""영리병원 저지를 위해 지난 10년간 싸워오면서 국내 의료 기업의 녹지국제병원 우회 투자 문제를 제기했으나 도정은 아무런 답변도 내놓은 적 없다""고 비판했다.",그,3
"제1장 자유 평등으로의 길에서는 '널리 인간을 이롭게/단군', '악법도 법이다/소크라테스', '원수를 사랑하라/예수', '양심은 누구에게 맡길 수 없다/마르틴 루터', '자유 아니면 죽음을 달라/패트릭 헨리', '네 가지 자유/프랭클린 루스벨트 대통령' 등의 연설을 실었다.",대통령,3
그는 스케줄을 둘러싼 말썽과 온갖 결함들을 이유로 순회공연이 시작된 이래 모두 30회의 공연계획 가운데 3분의1을 취소했다.,그,3
"후견감독인이 선임되어 있지 않다면, 후견인은 특별대리인의 선임을 청구해야 하는가, 아니면 특별한 통제 없이 대리를 할 수 있는가?",후견감독인,3
"이후 이 사건 개선행위가 있을 때까지 사개특위 위원으로 활동하였고, 이 사건 개선행위 후에도 의원으로서 사개특위 심사절차에 참여할 수 있었다는 사정 등을 고려하였다.",위원,3
"연구자가 현지에 영주하는 것이 불가능한 경우라면, 가능한 한 현지에서 정기적으로 장기간 체류해야 했다.",연구자,3
"보다 적극적으로 이러한 상황을 예견하고, 방침의 전환을 위해 적극적으로 노력을 해온 모습은 일반 관료이기 때문에 가능하다고 할 수 있다.",관료,3
"그대는 우리 강토의 나이를 알려주었고, 우리의 시간 구분을 알려주었으며, 희생의 규칙들과 사제들의 직분에 대하여 알려주었다.",그대,3
"BBB 법인류학연구소 AAA1 박사는 AAA2의 머리뼈를 본떠 만든 동 재질의 틀과 AAA2 생존 당시의 문서, 초상화 등을 참고해 그의 얼굴 생김새를 만들어 냈다.",그,3
"미국 성악 매니지먼트사 BBB의 AAA1은 AAA2의 사망 사실을 확인하면서 ""그녀가 심장병을 오랫동안 앓아 왔다""고 말했다.",AAA1,3
선거운동에 돌입한 잠롱 전시장은 자신의 당선은 큰 문제가 없으나 그가 목표하고 있는 40여명의 당선자를 팔랑탐당에서 낼 수 있을지에 매우 회의적이다.,잠롱,3
"이에 따라 개성상인의 원망이 높아져서 당시 개성유수였던 이시원에게 호소하여 삼포를 2만 근만 만들 수 있게 하고, 나머지는 모두 백삼으로 만들도록 했다.",이시원,3
그중 철학자로서 그의 사상과 관점을 엿볼 수 있는 3권의 책을 간단히 소개하고자 한다.,그,3
"그는 크파르 리아드와 크파르 마트라 학살을 목격하지도 않았으며, 나왈을 단 한 번도 마주친 적이 없다.",나왈,3
"NDTV는 지난 2일 입원한 J 안바자간 의원이 인공호흡기의 도움까지 받았지만, 자신의 생일인 10일 숨졌다고 전했다.",의원,3
그는 이제 우리가 이러한 방식의 원거리 통신이 더 이상 필요하지 않은 시대로 접어들었다고 진단한다.,그,3
"크리톤이 이해하지 못하겠다고 말하자, 소크라테스는 다시 국법과 나라를 의인화하고 자신과의 상상적 대화를 꾸며 설명한다.",소크라테스,3
이 질환의 생리학적인 한 부분은 환자가 자신이 이 질환을 가지고 있다는 것을 인식하는 것을 막는다.,환자,3
처음에는 일반 공무원 시험을 준비하였는데 우연히 소방공무원에 대한 이야기를 우연히 듣고 좋은 기회가 될 수 있을 것이라 판단하였다.,공무원,3
대표집행관은 매년 1월 말까지 당해 연도의 교육계획을 수립하여 소속 지방 법원장의 승인을 받아야 한다.,지방 법원장,3
"그는 ""탈출한 이주노동자들 가운데 일부는 14일 격리 기간이 끝나지 않았고, 나머지는 검사 결과를 기다리는 데 지쳤다""면서 검사 지연으로 25일간 격리돼 있어야 하는 경우도 있다고 설명했다.",그,3
친애하는 Ronald선생님 저는 영업사원 Kim입니다.,Ronald,3
"이리스 위디아터디(26.여.인도네시아)씨는 ""창조적인 총회를 위해 한국인들이 많은 노력을 한 것 같다""며 ""총회장 옆 패스트푸드점에서 음식을 주문했을때 점원이 영어를 잘 못했지만 도와주려고 계속 애쓰는 모습이 매우 인상적이었다""고 말했다.",회장,3
"이는 물론 그의 유학 시절 훈련한 역사 방법론이 발휘된 것으로 보이는데, 이하 이 3가지 축에 따라 AAA에 비친 '중국 근대 사상'을 살펴보기로 한다.",AAA,3
하지만 올해 초 오랜만에 수영장을 찾은 AAA는 습관대로 7천 원을 냈다가 8천 원으로 올랐다는 직원의 말을 듣고 얼굴을 붉혀야 했다.,직원,3
그의 삶은 매우 평범했기 때문에 그에 관한 일화는 거의 없다.,그,3
공연에 앞선 접견 자리에서는 시진핑 주석이 맨 중앙에 앉고 양옆에 리수용 부위원장과 시 주석의 부인 펑리위안 여사가 앉았다.,부위원장,3
"아사히는 아베 총리가 회담에서 중국과의 센카쿠 열도 분쟁을 염두에 두고 '법의 지배'의 중요성을 강조했고, 리 총리는 '모든 당사자가 억제된 대응을 하기를 바란다'고 말했다고 전했다.",총리,3
AAA1이 살던 당시 '귀중하다'는 뜻의 FFF라고 이름 붙은 이 가방의 도안은 1978년 저명한 AAA1 연구학자인 AAA2가 그의 작품 수만 점 가운데 찾아내 세간에 처음 공개됐다.,연구학자,3
실제로 그는 노년기에 이르러 좀 더 진화되고 정화되는 모습을 보여주었다.,그,3
"일본 과학기술진흥기구(JST)의 다테오 아리모토(Tateo Arimoto) 박사 역시 ""1980년대 일본에서 도입하려다 중단했었는데 KAIST에서 충분히 실제 적용할 수 있다는 가능성을 봤다.""라며 ""대중교통수단 이외의 다른 목적으로 적용도 기대된다.""라고 강조했다.",Tateo Arimoto,3
이러한 관행의 결과는 제1차 세계 대전 중 군수 산업에서 동일한 기계로부터 얻는 미숙련 노동자의 생산성이 숙련 기술자에 비해 2배 정도 크다는 사실로서 밝혀졌다.,숙련 노동자,3
나는 당신에게 사회적으로나 통계학적으로 중요한 한 연구 결과의 기초를 간단히 소개할 것이다.,나,3
24일부터 이틀간 한국을 방문할 예정이던 AAA 대표는 한국 방문 일정을 취소하고 이날 우크라이나를 방문한다고 EU 대외관계청(EEAS) 대변인이 밝혔다.,대표,3
"당신은 B가 거짓말만 하는 사람인지, 아니면 참만을 말하는 사람인지를 알아내기 위하여 A에게 예 또는 아니오로만 대답해야 하는 단 한 번의 질문을 어떻게 할 것인가?",사람,3
"신뢰관계인의 동석 등 아무런 보호조치 없이 혼자 피의자신문을 받으며, 수사관으로부터 빨리 끝내고 네 딸내미 보러 가야라는 말을 듣고 수사관이 시키는 대로 현장검증을 한다.",피의자,3
"1989년 7월 13일에 KDP의 리더인 AAA1 박사는 비엔나에서 이란 정부 요원들에 의해 암살되었고, 그의 후계자인 AAA2 역시 1992년 9월 베를린에서 동일한 운명을 맞게 되었다.",박사,3
어쨌든 이렇게 함께 하게되어서 저도 기쁘네요.,저,3
BBB 산하의 한 병원에서 직원으로 근무하는 AAA는 자신의 29번째 생일이던 2006년 5월 20일 조혈모세포 샘플 추출에 응했다.,자신,3
다시 한 번 고객님의 재주문 결정에 저희 임직원 모두를 대신해서 감사의 말씀을 드립니다.,고객님,3
다이애나는 캐서린 워커가 디자인한 이 분홍색 태피터 드레스를 멜버른시 2백주년 무도회에서 처음 입었으며 다이애나비는 이때 찰스 왕세자와 2년만에 처음으로 공공장소에서 함께 춤을 춰 화제가 됐었다.,다이애나,3
그는 감옥에 갇혀 죽을 날을 기다리고 있는 일반적인 사형수의 모습이 아니다.,그,3
수미는 인규의 품에서 죽어가지만 수미와의 추억을 최종적으로 정리하고 회고하는 인물은 바로 헨리이다.,수미,3
그는 자신이 정치권력과 유착하여 사업하는 것을 극도로 싫어하며 사업 시작 때부터 ' 정도경영'을 철학으로 지켜왔다고 밝혔다.,그,3
"심증을 굳힌 뒤, 그는 끈질긴 노력 끝에 사실을 완벽한 수학적 논리로 증명하는 데 성공했다.",그,3
"애초 참석 계획이 없었던 반기문 유엔 사무총장도 바쁜 시간을 쪼개 30분 가량 같이 했으며, 줄리아드 예비학교 학생들로 구성된 '하트스트링스(HeartStrings) 첼로 앙상블'이 찬조 출연해 분위기를 북돋웠다.",반기문,3
쟤 오늘 예쁘게 입고 왔다.,쟤,3
"그는 그래미 상 후보에 올랐고, 수많은 MTV 상을 수상했으며, 2004년 아테네 올림픽 개막식에서 공연을 했고, 심지어 마담 투소 박물관에 자신의 밀랍 인형도 전시되어 있다.",그,3
"그는 또 ""동영상 스트리밍 사업체인 유쿠투더우, 온라인 공연 티켓판매 사이트인 다마이왕 등 알리바바 그룹의 디지털 미디어 및 오락 부문과의 협업을 강화할 수 있게 됐다""고 덧붙였다.",그,3
"벨기에의 한 법원은 지난해 유럽 여러 도시에서 공연된 바 있는 베자르의 `프레스비테르'가 자신의 작품을 표절한 것이라는 벨기에 안무가 프레데릭 플라망의 주장을 인정, 베자르에게 이달 6일까지 문제된 부분을 수정하도록 판결했다.",안무가,3
미국 오페라 극작가 앤드루 플랙은 덴버의 자택에서 뉴스를 보다가 이 사연을 접하고 영감을 받아 이번 작품을 쓰게 됐다고 소개했다.,앤드루 플랙,3
"결과의 유용성을 생각해보았을 때, 거동이 불편하여 탁상용 망막 전위도 검사가 불가능한 환자에서 이와 비슷한 결과치를 얻고자할 때 휴대용 망막 전위도에 ERG-jet 전극을 연결하여 사용할 경우 망막 전위도의 비슷한 결과치를 얻을 수 있다.",환자,3
"리 총리 역시 종종 중국의 경제문제를 바둑에 비유하곤 하는데,그의 바둑 실력이 중국 고위급 정치인 중에서 '최강자급'에 속한다는 이야기도 나올 정도로 수준이 높은 것으로 알려져 있다.",총리,3
이어 8.15 경축 연설에서 AAA 대통령은 북한에 대한 전면적 대화와 경제 협력을 주문함으로써 앞서 금강산 관광객 피격 사건으로 긴장되어 있는 남북 관계를 이 문제와 연계시키지 않겠다는 뜻을 전하였다.,대통령,3
스페인의 30대 여성이 자신의 세포를 이용해 배양된 장기를 면역거부반응 없이 이식받는 데 성공해 의학계가 손상된 장기를 개인 맞춤 이식술로 대체하는 외과 수술법의 새로운 전기를 열었다며 흥분하고 있다.,자신,3
"청산인은 잔여재산의 분배 등 청산사무를 종료한 때에는 주주총회에서 결산보고서의 승 인이 있는 날로부터 본점소재지에서는 2주간 내, 지점소재지에서는 3주간 내에 청산종결의 등기를 하여야 한다.",청산인,3
"이 작품은 주제별 서술 방식을 사용하여 자신의 일생 가운데 기념비적인 사건들만을 취합하고 있지만 작품의 첫 머리에서 작자가 노년에 일생을 회고한 것이라 밝히고 있고, 이어 자신의 가계도 설명하고 있다.",작자,3
전환 과정에 있는 근로자를 지원하고 근로자들이 경제 성장을 공유할 수 있도록 지원해야 한다고 설명하였다.,근로자,3
그는 모든 데이터를 추적하여 코드를 데이터 베이스에 은근슬쩍 끼워 넣은 누군가에게 모든 데이터를 사용할 수 있도록 돕는다.,누군가,3
"이에 대해 아제베두는 ""나는 대선 후보가 아니라 논쟁에 휘말려 들고 싶지는 않지만, 모두가 WTO의 역할과 국제무역의 중요성, 일자리 창출 역할을 잘 알고 있다고 생각한다""고 말했다.",아제베두,3
소셜미디어에서 귀하의 브랜드가 인기가 많다는 것을 알게 되었습니다.,귀하,3
"AAA는 애초 자신에 대한 치료·관찰을 담당하는 병원 측에 자발적으로 21일간 의무격리 방안을 따르겠다는 의사를 표시한 것으로 알려졌으나 현재는 ""이틀간만 격리조치에 따르겠다""는 강경한 입장을 보이고 있다.",자신,3
"스타일러스 센서 표면의 위쪽에서 스타일러스를 충분히 검출함으로써, 전자 장치는 스타일러스를 이용하는 유저와 자신의 손가락을 사용하는 유저를 신속히 구별하여 상응하게 응답할 수 있다.",자신,3
여기에서도 애처롭게 호소하는 미야의 대사가 간이치를 울리는가 싶지만 간이치는 단호하다.,미야,3
AAA1 사무총장은 AAA2 장관의 제안을 높이 평가한다고 언급하면서 앞으로 OECD 차원에서 구체적으로 검토해보겠다고 답했다.,장관,3
"제발, 나는 당신에게 내 제품을 환불해 주기를 요청합니다.",당신,3
애완 동물은 회의 중이거나 여행 중일 때도 언제든지 귀하의 목소리를들을 수 있습니다.,귀하,3
"보험 계약을 체결할 때, 보험 계약자가 자신의 위험 상황 정보를 고지하지 않는 경우가 있어, 가입자인 보험 계약자와 보험자 사이에서 정보의 비대칭이 발생하는 경우가 많이 발생한다.",자신,3
"AAA 전 미국 대통령이 ""국가가 당신을 위해 무엇을 할 수 있는가를 묻지 말고, 당신이 국가를 위해 무엇을 할 수 있는가를 물어봐라""고 한 1961년 취임식 연설을 상기시킨다고 BBB는 전했다.",대통령,3
약간 청중친화적인 된 그의 후기 음악 역시 접근성에 어려움이 있다.,그,3
미팅에는 저와 저희 팀장님이 참석할 예정입니다.,팀장,3
내 제품을 기다리겠습니다.,나,3
작품과 함께 작가를 소개하는 것은 작가에 대한 예우도 있겠지만 독자를 위한 배려이다.,독자,3
"그동안 악어를 키워온 미셸 포우스트 씨는 언론 인터뷰에서 ""잭슨은 2년 전에 돌아가신 삼촌이 애완용으로 키워오던 것""이라며 ""이 악어는 우리에게는 가족이나 다름없다""고 말했다.",미셸 포우스트,3
진달래는 '공짜로 돈 안 받고 가르친다고 하길래' 친구와 같이 초등 문해 과정에 입학하였고 중학교 과정까지 진입하게 되었다.,진달래,3
"오히려 그가 간취하는 마오시대 군중 노선의 정수는 정치적 · 제도적 조건, 그리고 담론과 가치 환경에 따라 시시각각으로 변화하는 군중의 다양한 성격과 변화무쌍한 구조를 정확하게 분석해 내는 능력이었다.",그,3
나는 그것이 스마트폰이라고 생각한다.,나,3
"앤서니 파우치 미 국립보건원 산하 국립알레르기·전염병연구소(NIAID) 소장은 9일(현지시간) CBS 방송에 출연해 휴가와 야구 경기, 결혼식, 가족 모임 등으로 일정이 가득 찬 전형적인 여름을 머릿속에 그릴 수 있느냐는 물음에 이같이 답했다.",앤서니 파우치,3
그는 1950년대 초에 소득 불평등과 경제성장 간에 어떤 관계가 있는지를 연구하였다.,그,3
알래스카 출발 직전 알래스카에 위치한 북미 최고봉 매킨리 산의 이름을 원주민들의 청원에 따라 '드날리'로 공식 변경한 AAA 대통령은 에어포스원 기내에서 찍은 드날리 산의 사진을 자신의 BBB에 올리기도 했다.,자신,3
>사람을 치면 안되니까.,사람,3
유홍영 부소장과의 좌담에서 그가 에둘러 말했던 내용은 다음과 같다.,부소장,3
"그에 관한 국내의 전문 연구는 거의 찾아볼 수 없으며, 김홍도의 그림을 논하는 전문서에서 아들 김양기의 그림을 간헐적으로 소개하는 수준에 머무르고 있다.",김홍도,3
브라질 정부는 AAA 대사의 WTO 사무총장 선거 승리를 위해 전폭적으로 지원하고 있다.,대사,3
그는 개구리의 몸을 이용하여 최초의 실험적인 전류를 만들었다.,그,3
"한편, 당시 및 현행 세법상 제청신청인은 실질적인 지분권자가 아니므로 주식의 명의수탁자로서 증여의제 과세받을 수 있다.",지분권자,3
"더불어 AAA가 프랑스 미술계에 얼마나 중요한 화가인지, 그의 작품들의 예술사적 가치는 무엇인지에 대한 다각적인 논평들이 출판되었다.",그,3
AAA1이 살던 당시 '귀중하다'는 뜻의 FFF라고 이름 붙은 이 가방의 도안은 1978년 저명한 AAA1 연구학자인 AAA2가 그의 작품 수만 점 가운데 찾아내 세간에 처음 공개됐다.,AAA1,3
그게 아니라 이 둘 조합 나 본 적이 없어.,나,3
"""루트비히 판 베토벤""이 불후의 명작들을 남길 수 있었던 것은 그가 ""심장 부정맥""을 앓았던 덕분이라는 주장이 나와 눈길을 끌고 있다.",그,3
제 이름은 AAA며 저의 회사인 BBB에 대해 조금이나마 말씀드려 보고자 합니다.,제,3
내가 저 사물을 선점했으므로 나는 저 사물에 대하여 자연권 또는 재산권이 있다.,내,3
데카르트는 이러한 개별자에 대한 의문을 자신의 저서인 FFF에서 이미 제기하고 있기 때문이다.,자신,3
마크 에스퍼 미국 국방장관은 10일(현지시간) 승조원의 신종 코로나바이러스 감염증(코로나19) 감염 확산을 우려하는 서한이 언론에 보도된 뒤 경질된 항공모함 함장의 복귀 가능성을 열어두고 있다고 밝혔다.,국방장관,3
"현지 경찰은 이 사고로 에마누엘은 중상을 입었고 아내 발레리아 카르모나와 각각 2살, 8개월 된 두 아들은 급히 병원으로 옮겨졌으나 사망했다고 전했다.",발레리아 카르모나,3
그는 항공 여객 뿐 아니라 열차와 선박 승객에 대해서도 신상정보를 파악해 공유하는 시스템을 마련할 것을 제의했다.,그,3
보리스 존슨 영국 총리가 자신의 오른팔인 도미닉 커밍스 수석 보좌관의 스캔들이라는 악재에 발목이 잡혔다.,도미닉 커밍스,3
CEO가 일터 혁신의 필요성을 인식하고 있다고 하더라도 내부 전문가의 부족으로 전문성이 부족하고 일터 혁신을 추진할 재원도 부족하다.,CEO,3
"AAA 대통령은 이어 ""지난해 세계적으로 설치된 풍력 발전 설비의 19%가 아시아권에서 만들어졌다""고 밝히고 ""특히 지난해 아시아의 풍력 설비는 46%나 늘어났다""고 덧붙였다.",AAA,3
이 경험을 통해서 신규 고객을 발굴하는 방법에 대해 배우고 A3A 영업 프로세스에 대해 좀 더 익숙해질 수 있었습니다.,고객,3
>저는 세찬이랑 한번.,저,3
"AAA 태국 총리는 미국 질병예방통제센터(CDC)가 이 환자의 체액 샘플을 조사한 결과 신종 플루에 감염된 것으로 확인됐다며 ""환자는 증상에서 완전히 회복돼 집으로 돌아갔다""고 말했다.",총리,3
그는 자신이 정치권력과 유착하여 사업하는 것을 극도로 싫어하며 사업 시작 때부터 ' 정도경영'을 철학으로 지켜왔다고 밝혔다.,자신,3
위탁자·수익자 사이의 관계에 대해서는 수익자가 자신에게 주어지는 재산적 이익 때문에 대가를 주지 않아도 된다는 것을 유념하여 증여로 법적 성질을 결정해야 한다는 주장도 있다.,수익자,3
"즉, 여기에서 어떤 존재를 나와 비슷하게 될 가능성이 있는 존재 또는 그렇지 않은 존재로 간주할 것인가라는 물음이 제기된다.",나,3
"""우리집 문제"" 시리즈에서 가장 중심이 되는 사람은 우편국장이고 지위는 중간 간부이다.",우편국장,3
"자신이 ""선택하지 않았는데도 가야 되는"" ""억지로"" 하는 연수에 거부감이 들었던 것이다.",연수,3
나를 원의 중심으로 놓고 관계를 이루는 너의 존재들을 원주 위의 점으로 놓는다.,너,3
안보통'으로 분류되는 그는 특히 미국이 한국 및 일본과 미사일 방어와 대북 정보공유를 강화해야 한다고 주장했다.,그,3
더 큰 문제는 무용의 역사를 비롯하여 여러 이론에 대한 스탠다드 없이 각자 자기 말만 하는 형국이 심화되고 있다는 점이다.,자기,3
그가 앙상블 연기를 통한 무대적 교류로 이어지지 못하고 자기만의 역할에 매몰된 느낌이다.,그,3
그럼에도 자신을 끝없이 닦달하고 학문을 게을리하지 않았던 공자는 우리 시대의 존경받는 현자임에 틀림없다.,공자,3
"이는 연구 참여자들 고유의 에믹한 개념사용법, 의미 등을 발견하기 위해 내가 주로 사용하는 방법이다.",내,3
"만약 대위 채권자가 이러한 점을 고려하여 가압류를 하지 않았다면, 그로 인한 위험은 스스로 감수해야 한다는 점도 지적해 두고 싶다.",채권자,3
"당신은 기념일 행사에 참석하였고, 당시 유행하던 감염병에 대한 백신을 미리 맞은 상태였다.",당신,3
아히멜렉의 변호는 '다윗을 도운 것은 단지 다윗을 도운 것이 아니라 사울 왕 당신을 도운 것과 같다'라는 의도를 사울에게 보여줌으로 다윗을 도와주는 것은 아무런 문제가 없음을 간접적으로 강조하고 있다.,사울,3
"네, 전 여기서 일해요",전,3
"BBB 국립 오페라단의 AAA1 총감독은 AAA2의 타계 소식에 ""내 생애 최고의 테너 목소리를 잃었다""며 슬퍼했다.",나,3
당신은 냄새가 평균 시간 개선에 효과가 있다고 확신하는가?,당신,3
내가 열과 성을 다해 경제활동에 임하면 내 후손이 나보다 더 나은 세상을 가지게 될 것이라는 희망을 가질 수 있을 때 사람들은 매사에 최선을 다하는 경향을 보인다.,나,3
내가 기억하는 한 오랫동안 그곳에 있었던 한 남자가 있다.,내,3
그는 중국보다는 완만하지만 한국도 미세먼지가 줄어드는 추세라고 했다.,그,3
"비딩에 참가하려면 다른 플레이어보다 높은 공약을 제시해야 하며, 가장 높은 공약을 제시한 플레이어가 주공이 된다.",주공,3
경찰청장은 수사권자가 아니므로 지방경찰청장에게 수사권을 위임할 수 없고 따라서 지방경찰청장도 수사권자가 아니므로 경찰서장에게 수사권을 위임할 수 없다.,수사권자,3
"그는 지난 23일 밤 공연에 앞서 ""나는 러시아인들을 위한 공연을 하러 이곳에 왔다.",그,3
나는 친구의 설명을 듣고 모르는 것을 알게 되었다.,나,3
"내가 말했듯이, 그것은 긴 과정입니다.",내,3
나는 중력이 아주 멀리까지도 미친다는 것을 보였다.,나,3
"그는 AAA 페다고지를 만들고 실천해 가는 과정에, 한편으로 당국과 불화를 겪으면서 결국 1935년 남프랑스 방스에 자신의 학교를 세운다.",자신,3
언젠가부터 그와 만나거나 전화 통화를 하면 정치 문제로 논쟁하는 일이 잦아졌다.,그,3
홍 원장은 2011년 비영어권 국가 최초로 런던협약·의정서 합동과학그룹 의장으로 선출됐고 2012년부터는 상위 기구인 당사국 총회 차석부의장을 맡아왔다.,홍,3
"탄자니아, 영국 그리고 파키스탄을 가로질러 오늘날 미국에 정박한 그녀의 초국적 ‘존재 방식’, 지리적 공간 가로지르기는 그의 다층적 정체화의 배경이 된다.",그,3
실제로 그는 마테오 리치와 만나면서 서양 수학을 본격적으로 대면한 것으로 보이는데 그가 서양의 학문이나 사상에 긍정적인 반응을 보인 것은 마테오 리치의 중국 사회로의 접근 방법이 남달랐던 덕분으로 여겨진다.,마테오 리치,3
피고들의 행위를 원고의 개인정보자기결정권을 침해하는 위법한 행위로 평가할 수는 없다 라고하여 손해배상책임을 부정하였다.,원고,3
내가 이 글을 통해 안가노안의 판결 내용을 상세히 전하고 싶기 때문이다.,내,3
나는 엘리베이터 안의 안내자에 의해 호명되어 일행과 헤어지게 되었다.,나,3
언강제명령을 내린 지방법원판사에게 소환되어 증언을 거부한 이유에 대한소명을 요구 받는다.,지방법원판사,3
"17세기 전반기에 주로 활동한 조각승 인균은 현진, 청헌, 응원 등과 함께 당대 최고 수준의 대조각승으로 잘 알려져 있다.",현진,3
12일 브라질 언론에 따르면 AAA1 장관은 전날 AAA2 브라질 외교부 장관과 전화 통화를 하면서 AAA3 대통령 초청 의사를 밝혔다.,AAA3,3
"鄭씨는 이날 오전 9시 40분께 파리 시내 바스티유극장에 도착, 20분 후 변호사인 모니크 펠르티에씨와 함께 극장안으로 들어갔으나 장 폴 클뤼젤 사장대행등 사무처직원들이 가로막아 사무실에 들어가지 못하고 10여분만에 되돌아 나왔다.",모니크 펠르티에,3
직접 금융투자전략을 찾아보고 개인 분야에 대한 완벽한 이해를 할 수 있었다.,개인,3
나는 당신이 그것을 좋아하고 혜택을 받기를 바랍니다.,당신,3
그는 청소년의 사회적 임파워먼트는 시민의식을 형성하는데 중요한 역할을 한다고 주장하였다.,청소년,3
수학 계보 프로젝트에서 볼 수 있는 것처럼 지도교수 중심의 형식적인 학맥 관계도를 만들어 보는 것도 일본 핀슬러 기하학파의 이해에 도움이 될 수 있는데 이 작업은 이 학파에 속한 내부자들의 몫이라고 생각한다.,교수,3
"의사의 경우 인턴에서 레지던트가 될 때 전과를 허용하고, 의약업자 전공 과목 변경 허가 신청서를 작성하여 역시 해외 유학생 심의 위원회에 제출하고 심사 결정을 받아야 했다.",의약업자,3
"정암 조광조가 일생을 살면서 가장 중요하게 생각한 것은 무엇이고, 가장 많이 마음을 기울인 것은 또한 어떤 것이었던가는 다음의 글에서 확인할 수 있다.",정암 조광조,3
"네, 그런 의미에서 저는 당신을 우리 브랜드의 비주얼 디자이너로 고용하고 싶습니다.",당신,3
종파주의 및 군벌 관료주의 문제만큼이나 민감한 후계자 문제에 섣불리 자신의 의견을 피력하거나 누군가의 편에 섰을 경우 엄청난 화를 입을 수 있는 상황이었다.,자신,3
"그는 ""우선은 난민의 생명을 보호하는 인도주의적인 조치를 해야 한다""며 ""이후 어떻게 처리해야 할지는 유엔 등과 협의해야 한다""고 강조했다.",난민,3
"미국 유학을 마친 아들 AAA는 외국어 대학교 교수를 거쳐 제15대 국회의원, 제20대 국가 안전 기획부장, 제21대 부총리 겸 통일원 장관을 역임했다.",AAA,3
나는 필요한 만큼 식품을 구매하고 조리하여 음식물 쓰레기가 덜 발생하도록 한다.,나,3
"일부 병원이 구급차들에 환자를 병원으로 이송하지 말라고 요청했고, 2개 병원은 인공호흡기 부족을 호소했다고 그는 전했다.",환자,3
그의 아들인 AAA1과 AAA2는 1988년 이후 지역에서 각각 3선 국회의원으로 활동했다.,국회의원,3
당신은 내가 강철판을 도매로 파는 것을 어떻게 알았습니까?,당신,3
"반 총장은 ""21세기는 아시아·태평양의 시대라고 하지만 (중략) 동북아는 여전히 '잃어버린 고리'(missing link)로 남아 있다""며 ""나는 동북아 국가들, 특히 일본·중국·한국이 전향적인 태도로 대화를 진행하길 진지하게 희망하다""고 강조했다.",반,3
"성주신이 삼신에게 어떠한 신이냐고 물으면, 그는 자식을 점지하는 역할을 한다고 대답한다.",성주신,3
"3일 베트남 정부 뉴스 사이트 등에 따르면 응우옌 쑤언 푹 총리는 전날 공문을 통해 외교관, 전문가, 투자자, 숙련 노동자와 가족의 입국을 위한 여객기 운항을 계속 허용한다고 밝혔다.",응우옌 쑤언 푹,3
이 경우에도 그 자녀 또는 아동이 초등학교에 입학한 해의 3월 1일부터 졸업할 때까지 초등학교에 다니게 하여야 한다.,자녀,3
후생성은 일본 내에서 메르스 환자가 발생하면 각지의 지방위생연구소 검사에서 양성으로 확인된 시점에 공표하고 환자를 거주하는 도도부현 내 전염병 지정 의료 기관에 입원시킨다는 방침이다.,환자,3
>그랬던 심지호 씨가 아내분한테 다시 매달려서 결혼에 성공하셨다고.,심지호,3
4일 열린 기자 회견 자리에서 그는 야심 차고 엄격한 지휘자와 악단 사이에 긴장 관계가 있었다고 인정하면서 한발 물러서는 듯한 태도를 보였다.,지휘자,3
"""수화는 아니지만 입모양을 보고 전달하시면 엄마가 전달하는 방법을 쓰셨다고…. <중략> 의사선생님이 환자 본인에게 물어봐도 저는 무슨 말인지 못 알아듣잖아요."" 라고 하였다.",환자,3
"이 주제를 본격적으로 다룬 저술을 남긴 적 없으나, AAA는 연극과 시각 예술의 상호작용을 존재론적 관점에서 고찰했던 최초의 미술사학자였다.",미술사학자,3
"에이전트는 보통 자신이 정한 이자율을 바탕으로 채무자에게서 원금과 이자를 돌려받는데, AAA1은 AAA2의 고향 후배이자 사촌의 친구였기 때문에 저금리로 돈을 빌릴 수 있었다.",자신,3
메르켈 총리는 총리 연임의사가 없다는 점을 누차 밝히고 있다.,총리,3
"나는 더 구체적으로 표현하지 못하는 언어의 한계가 답답했고, AAA는 아무리 말해도 알아듣지 못하는 연구자가 답답했을 것이다.",연구자,3
한 주민은 나도 골프를 치지만 집 근처에서 공치는 소리가 나면 좋겠냐며 불만을 터뜨렸다.,나,3
귀하의 빠른 회신을 기다리고 있겠습니다.,귀하,3
다른 곳에서 휴가를 보내는 것보다 여기서 휴가를 보내는 것이 나에게 더 중요하다.,나,3
불합리한 일에 대해 싸워야 할 때 도와줄 사람이 있다.,사람,3
아마도 그것은 재엽이 자기 성찰적 사유에서 한 걸음 더 나아갈 때 좀 더 분명해질 것이다.,재엽,3
"""트룰레스""는 돈을 벌고싶으면 무더운 여름날일요일이라도 모자를 한바퀴 돌리기만하면 된다고말하고있으며 1979년에는 광대단을 이끌고""네덜란드""와 ""스위스""·""프랑스""등지에서 여러달동안 해외공연을 갖기도했다.",트룰레스,3
"그는 미적 경험이란 공연과정에서 관객이 행위하고 반응하는 가운데 육체적, 정서적, 정신적 변화를 경험하는 것이라고 한다.",관객,3
헌법 제28조 형사 보상 형사 피의자 또는 형사 피고인으로서 구금되었던 자가 법률이 정하는 불기소 처분을 받거나 무죄 판결을 받은 때에는 법률이 정하는 바에 의하여 국가에 정당한 보상을 청구할 수 있다.,피고인,3
AAA 회장은 그러나 그린피스 이외에 다른 환경 보호 운동 단체들과는 계속 대화할 것이라고 덧붙였다고 언론들은 전했다.,회장,3
"훈련과정에 그는 민족현악의 ""농현""연주법과 바이올린의 ""비브라토""의 속도와 음폭을 가르침에 있어 엄격했다.",그,3
계산을 통해 그가 확인한 수치들은 놀랍게도 정확했다.,그,3
보우소나루 대통령은 15일(현지시간) 수도 브라질리아 대통령궁 앞에서 지지자들을 만나 코로나19 사태에 따른 보건 문제를 자신이 해결하겠다고 주장했다.,대통령,3
이 신문에 따르면 AAA1 대통령은 오사카에 도착한 첫날 AAA2 호주 총리와 양자 회담을 가졌다.,AAA2 호주 총리,3
"그것은 그의 대화능력을 확대시키고, 대화 상대방으로부터 배우기도 한다.",그,3
아직 제목이 정해지지 않은 그의 회고록은 입지적인 인물인 파월의 뉴욕에서의 유년시절에서부터 미합참의장직에 오르기까지 그의 전생애를 그릴 예정이며 오는 95년 출판될 것이라고.,미합참의장,3
"이에 진행자가 ""나를 비롯 예방접종을 한 더 많은 사람이 자폐증에 걸리지 않았다""고 반박하자 AAA는 더는 근거를 대지 못하고 횡설수설하다가 ""임신 중인 탓에 기억력이 좋지 않다""고 해명했다.",진행자,3
AAA 장관은 특히 미국의 제재를 유럽이 우회할 장치를 가동할 수도 있다고 밝혀 주목된다.,장관,3
당신은 나의 온라인 플랫폼에서 우리의 도매상 중 한 명이 될 수 있다.,나,3
영국에 있던 AAA 씨는 러시아인 파트너가 귀국한 뒤 아마추어 선수 생활을 계속 할지 말지를 고민하던 때였다.,선수,3
"사르코지 대통령은 지난 1월 신년연설을 통해 ""소비자는 더욱 효율적으로 에너지를 소비하고, 생산자는 더욱 청정한 에너지를 생산하도록 장려하는 것을 골자로 하는 새로운 탄소세 법안을 제시할 것""이라고 밝혔었다.",대통령,3
프랑수아 올랑드 프랑스 대통령은 12일(현지시간) 그리스의 유로존 탈퇴를 막도록 모든 노력을 기울이겠다고 강조한 반면 앙겔라 메르켈 독일 총리는 협상이 힘들 것이라고 상반된 입장을 피력했다.,프랑수아 올랑드,3
AAA는 마술사가 되는 '공상'에 사로잡혔던 그 순간만큼 행복했다.,AAA,3
"모든 일에는 긍정적인 면과 부정적인 면이 함께 나타나는 법인데, 이때의 긍정적인 부분은 적통 왕으로써의 권위를 회복하였다는 것이겠지만 부정적인 부분은 나당군의 공세에 대항해야 했던 백제에게 충분한 시간적 여유가 사라지게 되었음을 뜻한다.",왕,3
인구가 3억 명이나 되는 미국에서 용의자를 유일무이하게 확인하는 방법으로 DNA를 신뢰할 수 있겠는가?,용의자,3
전에 듣기로는 톱스타 AAA1 씨와 AAA2 씨 중에 고민 중이라고 말씀하셨는데요.,톱스타,3
"시드니 오페라하우스에서 마지막 '오프라 윈프리 쇼'를 진행하는 윈프리는 14일 녹화에 앞서 기자들에게 ""나는 세계에서 가장 수다스러운 사람""이라며 ""나 자신을 비공식적 호주대사로 임명한다""고 말했다.",사람,3
그것은 내 여자 친구를위한 것입니다.,나,3
그는 미국 정부 안에 BBB 프락치가 잠입해 최고 기밀을 빼 간 것이 입증된 것이 수확이라고 했다.,그,3
나는 자기효능감이 낮은 무용인에 비해 더 많은 노력을 힘쓸 것이다.,무용인,3
"르 피가로는 금영삼대통령이 프랑스 공식방문차 이날 파리에 도착하는 것과 때맞춰 보도한 ""한국, 일본에 복수""라는 제목의 서울발신 기사에서 한국이 비극의 상징인 국립중앙박물관의 해체를 시작한 것은 ""역사에 대한 복수""라면서 그같이 말했다.",대통령,3
친애하는 AAA1 선생님 저는 영업사원 AAA2입니다.,사원,3
덕수궁은 고종이 10년간 정사를 폈던 곳이자 1907년 황제 자리에서 강제로 물러난 이후 승하할 때까지 거처한 곳으로 이 시기 최고의 권위와 의미가 부여된 곳이었다.,고종,3
티글랏필에셀의 원정 중에 군사적 도움을 구하여야 했다면 위협은 738년 이전부터 존재해야 하고 자신을 위협할 수 있는 군사력을 가진 상대여야 한다.,티글랏필에셀,3
AAA가 세계 각지의 난민촌을 돌아 본 경험을 토대로 에세이집 `내가 본 것을 당신도 볼 수 있다면`을 펴낸 이야기를 들려주며 독자와 대화를 나누고 사인회도 개최한다.,당신,3
보우소나루 대통령은 15일(현지시간) 수도 브라질리아 대통령궁 앞에서 지지자들을 만나 코로나19 사태에 따른 보건 문제를 자신이 해결하겠다고 주장했다.,지지자,3
픽은 독일 대학 수학과의 학과장으로 재직 중이던 1911년 아인슈타인을 수리물리학 교수로 임명하고 그에게 리치(Gregorio Curbastro Ricci)와 레비-치비타(Tullio Levi-Civita)의 절대 미분을 가르쳤는데 1915년 아인슈타인은 이를 이용하여 일반 상대성이론을 공식화하는 데 성공하였다.,리치,3
그 과정에서 한국흥업의 사례처럼 자신이 직접 사업에 투자하기도 했다.,자신,3
"이 사실을 염두하지 않고 어떻게 블랙홀을 논할 수 있는지, 나로서는 이해가 가지 않는다.",나,3
나는 인터넷전문은행을 이용하지 않으면 소외감을 느낄 것이다.,나,3
아라는 한국인 선교사와 정기적으로 만나며 개인 상담을 받았고 점차 우울로 고통스러웠던 마음이 편안해짐을 느끼게 되었다.,개인,3
당신은 퇴근 후에 우리를 위해 쇼핑할 수 있습니다.,당신,3
"노 위원장은 ""세계 경제의 안정과 원칙이 바로 선 국제 시장경제를 위해서는 통일된 룰이 필요하다""고 말했다.",위원장,3
"그는 ""경험적으로 보면 물 부족에 따른 환경적 스트레스는 갈등으로 이어지고 그런 갈등은 가난한 나라들에서 더욱 심하다""고 말하고 ""우리는 세계의 여론을 동원해서 정치적 의지를 결집시켜야 한다""고 덧붙였다.",그,3
"후시진은 ""우리의 정부와 관리가 잘못을 저질렀을 때 사과를 하는 것이 그렇게 어려운 일""이냐고 반문하면서 ""우한시의 주요 관리들은 왜 리원량이 투병 중일 때 그를 찾아가지 않았느냐""고 비판했다.",리원량,3
이러한 현안 논의와 연구는 주로 보건의료 분야의 전문가와 정책 당국자들이 이끌어가야 한다는 생각에 필자도 전적으로 공감한다.,필자,3
양공 10년에 그의 아버지가 여러 공자들과 함께 죽임을 당하는 사건이 발생했다.,그,3
"의사의 경우 인턴에서 레지던트가 될 때 전과를 허용하고, 의약업자 전공 과목 변경 허가 신청서를 작성하여 역시 해외 유학생 심의 위원회에 제출하고 심사 결정을 받아야 했다.",의사,3
BBB 회사의 고객센터 팀장 AAA입니다.,고객센터 팀장,3
그의 위대한 업적은 입자/파동 이중성에 대한 아이디어를 수학적으로 실행하는 것이었다.,그,3
"보고서는 ""AAA는 일본의 석면 광산 개발로 한국인과 일본인이 함께 입은 피해를 상징적으로 보여주는 인물""이라며 ""일본이 전쟁을 위해 한국에 석면광산을 개발해 피해를 줬으니 피해자들에게 사과하고 보상해야 한다""고 강조했다.",인물,3
"그녀는 ""신시내티""에서 태어나 프로듀서인""새뮤얼·골드윈""씨에게 발탁되어 영화배우가 됐는데 그후 ""화이트 크리스머스""에서 ""대니·케이""빙·크로스비""와 함께,""온더타운""에서 ""진·켈리""와 함께,""드리 리틀 어더즈""에서 ""프레드·아스테어""씨와 공연했다.",아스테어,3
자기 자신을 인식하고 자신감을 개발할 수 있게 한다.,자신,3
각각의 관리는 자기가 그것들을 위하여 임명된 임무들을 수행할 것이다.,자기,3
"여기서의 상습범은 어느 기본적 구성 요건에 해당하는 행위를 한 자가 전과는 없더라도 범죄 행위를 반복하여 저지르는 습벽 즉, 상습성을 갖추었으면 인정되는 것이다.",자,3
그의 구조적 음악 쓰기는 형식을 정하고 그에 따라 내용을 담아내는 것과 같이 기계적이지 않다.,그,3
가난과 동성애자라는 딱지가 싫어 집을 뛰쳐나온 그는 캘리포니아 샌디에이고의 게이 바에서 애인과 마약을 만났다.,게이,3
"이득자라고 하여도 자신이 이득한 금액 이상을 반환할 필요가 없고, 손실자라고 하여도 그의 손실 이상으로 주장할 수 없기 때문이다.",그,3
"에르네스토 삼페르 남미국가연합 사무총장은 ""이번 합의로 회원국 주민은 여행과 유학, 취업 기회를 더 많이 누리게 될 것""이라고 말했다.",총장,3
"작업자 두 분이 다쳤는데, 한 분은 경상이고, 한 분이 좀 심각하게 다치셨습니다.",한 분,3
메르켈은 전면봉쇄 조처를 도입하면서 최근 1주일간 인구 10만 명당 코로나19 신규확진자수를 50명 아래로 떨어뜨리는 게 목표라고 밝혀왔다.,메르켈,3
>오진혁 선수 괜찮아요?,선수,3
이는 저로 하여금 귀사의 상품 품질과 회사 평판에 대해 의문이 들게 했습니다.,저,3
나는 내가 만든 모든 요점을 뒷받침하기 위해 많은 데이터를 제공한다고 생각했습니다.,나,3
"AAA1 국왕의 아들이자 국가수비대 장관인 AAA2 왕자는 ""메르스에 대한 소문이 근거 없다는 것을 증명하기 위해 아버지가 제다를 방문했다""고 말했다.",AAA1,3
"메르센의 ‘세 번째 로그를 기하적으로 찾는 문제’를 ‘세 번째 로그를 유클리드 원론의 방식으로 작도법을 찾는 문제’로 해석하고서, 케플러와 마찬가지로, 기하적 작도가 불가능한 사례를 제시했던 것이다.",케플러,3
특히 10대나 정신장애인을 포함해 하루 22∼23시간을 독방에 가두는 처벌은 도저히 용인할 수 없는 일이라고 부연했다.,정신장애인,3
보수 삽화가가 그린 것인데 스커비노는 파우치 소장을 '수도꼭지 박사(Dr. Faucet)'로 부르며 조롱했다.,스커비노,3
"이어 중국대사관은 카트만두 포스트의 수석 에디터인 아누프 카플레의 이름까지 들먹이며 ""그는 언제나 중국 관련 이슈에 편향적이었으며 반중국 세력의 앵무새가 됐다""고 비판했다.",수석,3
나는 수학공부가 끝났을 때 무엇을 배웠는지 잘 안다.,나,3
"기계가 언제 문제를 일으킬지는 아무도 모른다고 말문을 연 AAA는 ""마치 내가 가짜 인간인 것처럼 느껴졌고 그냥 그 자리에 있을 뿐 실제로 존재하지 않는 것 같았다""고 말했다.",내,3
AAA 유엔 주재 러시아 차석 대사는 안보리 회의에서도 결의안은 불필요하고 급조됐다며 동의할 수 없다고 말했다.,차석,3
나는 진실을 알거든.,나,3
이 경우 청산회원은 자기의 스왑거래 고객들의 권리 및 의무 내역을 개별적으로 파악할 수 있는 정보를 매 거래일에 1회 이상 청산기관에게 제공해야 한다.,자기,3
"아이바는 앞 장면에서, 데이지의 아들이고, 에릭은 아이바가 노인이 된 자기 어머니 데이지를 돌보라고 고용한 도우미 일을 한다.",도우미,3
"그가 볼 때, 이 문제는 혁명의 주체성을 둘러싸고 20세기 중국 현대사 전반에 장기간 잠복해 온 모종의 장력이 문혁이라는 특정한 계기를 만나 수면에 떠오른 것에 불과하다.",그,3
"이 작품은 토키영화가 막 나오기 시작한 지난 27년""파리오페라""좌에서 첫선을 보였는데 당시 군상교였던""드골""대통령과 그의 친구로 나중에""프랑스""문화성 장관이 된 작가""앙드레·말로""는 이 영화의 시사회에 참석,기립박수를 보낸 바 있다.",작가,3
그는 경제 부흥을 위해 발전 용량을 서둘러 확충하는 것이 필요하다면서 특히 국영전력회사 에스콤이 운용과 금융 면에서 건전함을 회복하고 구조조정에 속도를 내는 것이 중요하다고 강조했다.,강조,3
"그런가 하면, 열녀 춘향 수절가의 영인 및 해제(1949)를 맡으면서 완판 방각 본 소설의 중요성을 부각 시켰다.",영인,3
"어머니는 병우에게 의사를 물어보기는 하나, 매우 형식적이며, 끝내 자녀를 자신이 원하는 방식대로 판단하고 활동을 이끌고 있었다.",병우,3
"테워드로스 사무총장은 ""코로나19에 대해 이란과 이탈리아, 한국이 취한 조처에 감사한다""며 ""그들의 조처는 중국에서 그랬던 것처럼 사회와 경제적으로 큰 타격을 주고 있다는 점을 안다""고 말했다.",테워드로스,3
"당사자 또는 제3자가 본인의 행위가 증명방해행위에 해당하는 것을 알고 그에 따른 불리한 결과를 초래한다는 것을 인식할 경우, 자기의 행위가 증명방해행위에 속하지 않거나 또는 법률제재를 받을 수 없다고 해명 할 수 있다.",그,3
존 케리 국무장관도 중동 방문길에 북한의 대화를 직접 촉구했다.,장관,3
"그는 BBB 측에서 150명의 참가 희망자 중 26명을 엄선해 콩쿠르를 열었는데 참가자들이 차이콥스키 콩쿠르, 퀸 엘리자베스 콩쿠르 등에서 입상하거나 최종 예선을 통과한 이들이 포함돼 있는 등 수준이 매우 높았다고 소개했다.",그,3
뉴욕에서 갤러리를 소유한 AAA는 BBB에 전문적 교육을 받지 않았고 상업 시장에서 작품을 판 적이 없는 이의 작품에 대해 어느 딜러도 이 가격에서 시작하지 않을 것이라고 말했다.,딜러,3
그들은 페르마나 그의 동료 중 한 사람을 그들의 요구의 중요성에 대해 납득시켜야 했다.,페르마,3
그는 교사의 발달을 직업정체성과 교사의 지식과 신념체계의 발달이라는 측면에서 보았다.,교사,3
">너 거기 알잖아, 그 특성.",너,3
">저도 운이었죠, 그게.",저,3
>그런데 반장이고 윗사람이면 이렇게 하나 정도 양보도 할 줄 알고.,사람,3
어머니는 고객을 접대할 때 때때로 헨리가 그녀의 성적행위라는 취지에서 이 부분을 소개하고자 한다.,헨리,3
기억은 물속의 물고기처럼 깊숙이 머리에 숨어 있어서 낚시꾼처럼 미끼를 던져야 한다.,낚시꾼,3
근로자는 사용자에 의한 원천징수 세액의 보류로 그 납세의무를 면하기 때문에 근로자가 국가에 조세채무를 직접 지게 되는 경우는 사용자의 위법 행위에 가담하였거나 이를 방지하여야 할 의무를 해태한 때라는 사정이 필요한 것이다.,사용자,3
고객을 저녁 식사에 데려갈 때 감사함을 느끼게 하십시오.,고객,3
"유체 속에서 표류하는 입자들의 관측으로부터 그는 데모크리토스의 원자, 물질이 만들어지는 기본 알갱이의 크기를 계산해 낸다.",데모크리토스,3
위험에 처한 사람을 목숨을 바쳐 구출한 일반 시민의 의인으로서의 희생은 전직 대통령의 공적보다 위대한 것일 수 있다.,사람,3
이듬해 3월 29일 AAA 총리는 유럽연합(EU)의 헌법 격인 리스본 조약 50조에 따라 EU에 탈퇴 의사를 공식 통보했다.,총리,3
"길먼은 1875년 7월 유럽에 도착해서 독일, 프랑스, 영국의 대학들을 두루 시찰하며 존스 홉킨스 대학의 학제에 대한 계획을 구체화시켜 나갔다.",길먼,3
"이것이 모든 학교에서 나타나는 공통적인 현상이라고 하기는 어렵지만, 필자가 관찰하기로는 이러한 문제로부터 자유로운 학교는 그리 많지 않은 것으로 보인다.",문제,3
"그러다보니 관객들은 그의 모습에서 전형적인 바보의 모습을 손쉽게 발견할 수 있으며, 야유나 비판을 곁들일 수 있다.",그,3
"오타와·시티즌""지는 정씨가 지난24일 지휘한오키스트러의 공연내용을 높이 평가하고 정씨는 재능있는 젊은 지휘자라고 찬양했다.",지휘자,3
"AAA1의 외과 주치의인 AAA2 박사는 ""사지마비, 뇌졸중, 뇌손상 환자 등이 생각함으로써 정신력을 이용할 수 있고 팔과 다리를 움직일 수 있는 날이 곧 올 것으로 믿는다""고 말했다.",환자,3
이 동일시는 타자와 함께 하는 것이 아니라 나의 이름으로 타자를 지우는 것이다.,타자,3
"무퀘게는 ""이화여대와 저는 여성의 건강과 인권이라는 공통의 관심사를 가지고 있다""며 ""여성 인권을 위해 늘 노력하는 이화여대에서 학위를 받게 돼 영광""이라고 소감을 전했다.",무퀘게,3
그가 공익 주제에 관심을 가진 이유도 이와 관련되어 있다.,공익,3
"그는 이어 ""이 때문에 기후변화, 해수면의 상승, 다양한 생물종의 멸종 등 위기의 시대에 살고 있다""며 ""자멸의 길을 막으려면 각국 정부가 지속가능한 개발을 위해 노력해야 한다""고 역설했다.",그,3
아니 사부님께서 친구 누구 올 거 같냐 했을 때 제일 처음 이름을 홍진경 선배님을.,누구,3
먼저 그는 첫 번째 벽화에서 로마 장군 애그리 콜라의 부대가 맨체스터에 있었지만 그가 맨체스터에 체류했는지 여부는 확실하지 않다는 점을 지적했다.,그,3
"연가곡 ""아가 II ""중 제5곡 ""그대를 만나는 시간은""에서 핵심적으로 활용되는 화성적 요소는 새야화현의 구성음과 불완전음정 6도이다.",그대,3
중국 출신으로는 처음이자 역대 12번째 노벨 생리 의학상 여성 수상자인 AAA는 BBB 종신 연구원 겸 수석 연구원으로 칭하오쑤 연구 개발 센터 주임을 맡고 있다.,AAA,3
"기술적으로는 자유로운 리듬, 잦은 변박의 사용과 화려한 연주기법들이 나타나며, 전통적인 방식에 그의 독자적인 작곡 기법이 결합되어 있다.",그,3
"NOAA 수석 예보관 AAA는 올해에도 ""많은 (태풍) 활동이 전망된다""며 ""중요한 것은 여러 개의 태풍이 열대 지역 깊숙한 곳에서 생겼다는 것으로 이는 (허리케인) 시즌이 보통 이상이 될 것이라는 것을 의미한다""고 말했다.",AAA,3
어음채무자가 어음을 점유하고 있는 경우 어음소지인은 어음을 제시하지 않고도 어음상 권리를 행사할 수 있다.,어음채무자,3
그런 다음 우리는 그것을 개조할 수 있고 나는 그것을 디자인할 것입니다.,나,3
"조대수는 1687년에 문과에 급제하여 홍문록에 선발되는 등 특별한 재능을 발휘하고, 그 뒤 당대 영의정을 역임한 서문중의 사위가 되어 정치적으로 막강한 배경을 가져 조정에서 승승장구한다.",조대수,3
필자는 명대 교방의 세시의례 속 종규 공연에 관한 연구에서도 그러한 단면을 엿볼 수 있었다.,필자,3
앞 대화에서 AAA라고 자신을 소개한 AAA에게 중국 사람인지 묻는 것은 매우 어색하다.,사람,3
김연아도 자신의 공연 직후나 자오훙보-선쉐 부부 은퇴 기념행사 진행 중 중국 팬들에게 거듭 손을 흔들며 고마움을 표했다.,선쉐,3
>네가 그렇게 거두절미하고 이야기하면 이해가 잘 안 가니까 내가 이야기를 해 줄게.,네,3
"그는 레코드, 봄벨리, 스테빈의 표기법에 익숙했는데도 말로 하는 것을 선호한 것 같다.",스테빈,3
"우울증 외에 특이 병력 없던 52세 여성이, 전날 밤 11시까지는 괜찮았으나 다음날 아침 8시 30분에 통증 자극에도 잠에서 깨지 않는 상태로 가족에게 발견되어 119로 지역 응급실로 이송되었다.",가족,3
AAA의 공연에서는 지젤이 우리 고장에서 볼 수 없는 귀한 공연이었음을 치하하였다.,지젤,3
불가결 요소 기준은 행위자가 범죄를 완성하는 데 필요한 모든 것을 지배할 수 있을 시점에 도달하였는가를 문제삼는다.,행위자,3
결합적 특징은 제프스키가 작품 전체의 구조를 상호 유기적 관계로 구축하는 데 중요한 역할을 하는 요소이다.,제프스키,3
팀워크와 개선을 위한 노력(teamwork and continuousquality improvement)이란 의료의 질을 향상하고 개선하기 위하여 팀원으로서 역할과 책임에 대한 이해를 바탕으로 협력한다는 것이다.,팀원,3
마노아의 아내가 전해준 대로 본다면 삼손은 태에서부터 나실인으로 택함을 받았다는 것과 함께 그의 생애 전체가 나실인 규정의 준수여부에 상관없이 나실인 신분을 유지하는 모습이 될 것이라는 의미도 추가되기 때문이다.,삼손,3
자신이 정당한 지식재산권자라고 하더라도 상대 경쟁자를 배제하거나 경쟁 관계의 우위를 다지기 위해서 기만적 경고장을 행사하는 것은 지식재산권 남용에 해당 될 수도 있다.,경쟁자,3
박사님께서 원하시는 연구원들로 구성하시면 됩니다.,박사님,3
"나는 벌써 20대인데, 지금 자전거 타는 법을 배우는 것은 수치스러운 일이야.",나,3
고종은 선사로 호칭하는 것은 경황이 없어 시행하지 못했지만 자신의 뜻과 부합한다며 처리하도록 지시하고 벽옹으로 고치는 것도 적당한 시기에 처리될 것이라고 답하였다.,고종,3
뛰어난 펜싱 실력을 지닌 것으로 알려진 고갱의 손에는 아끼던 펜싱 검 '에페'가 쥐어져 있었다.,에페,3
단말 장치(100) 사용자는 자신의 단말 장치를 통해 웹 페이지에 대한 변경 또는 편집 관련 조작을 수행할 수 없음을 인지할 수 있다.,자신,3
경제적 불리함도 그의 키의 불리함으로 인해 배가 될 수 있다는 그런 문제들이 존재한다는 것이다.,그,3
니노 바르디제라는 한 시민은 수년전만 해도 시내 중심지에 있는 그의 우아한 2층 집 문을 잠그지 않아도 안심할 수 있었다고 말했다.,그,3
이날 공연의 스토리는 임신한 부인이 고기가먹고싶다고 하자 이웃 목장의 소를 몰래 잡아먹인 한 부자농부가 목장주인으로부터 의심을 받고계속 추궁을 당하면서 없어진 소가 표범에게 잡혀먹었다고 거짓말을 하는것으로 되어있다.,부자,3
그는 현재 미디어사업부에서 엔터테인먼트 관련 총괄부장으로 근무 중이다.,그,3
">아니, 뭐 그때 친하게 지냈으면 원희의 첫 번째 결혼식에도 갔었어요?",원희,3
"프랑스 민법은 부양권리자에게 친권상실이 선고된 경우나 부양의무자나 그의 직계존속, 비속, 형제자매에 대해 범죄행위를 하여 유죄판결이 선고되었다면, 반대판결이 없는 한 당연히 부양청구권이 상실된다는 규정도 포함하고 있다.",부양권리자,3
"자본시장과 금융투자업에 관한 법률 제9조에서 전문투자자란 금융투자상품에 관한 전문성 구비 여부, 소유자산규모 등에 비추어 투자에 따른 위험감수능력이 있는 투자자로서 다음 각호의 어느 하나에 해당하는 자를 말한다.",전문투자자,3
"그는 ""AAA 교수가 없었다면 수백만 개의 난자가 팔리는 시장이 생기지도 않았을 것이고, 자궁에 이식되기를 기다리거나 연구용으로 쓰이거나 모두에게 버려져서 잊혀진 채로 죽어가는 인간배아로 가득찬 수많은 냉동실도 없었을 것""이라고 말했다.",그,3
가해자로부터뿐만 아니라 지정된 보험자에게도 보험금청구권을 행사하여 그로부터도 중복적으로 급부를 받게 되는 경우에는 보험계약자의 이익이 전보의 대상보다 더 확장되기 때문이다.,가해자,3
러시아 연방회의(상원) 국제문제위원회 위원장 콘스탄틴 코사체프는 이날 자신의 페이스북 계정에 올린 글에서 북한의 핵실험은 '포괄적핵실험금지조약' 위반이자 러시아의 안보에 대한 위협이라고 비판했다.,콘스탄틴 코사체프,3
"잘됐네요, 저도 괜찮아요.",저,3
"그는 ""우리가 지금 보기 시작한 것은 단지 낌새일 뿐""이라며 ""나는 거기에 너무 많은 신뢰를 두고 싶지 않다.",나,3
"2016년 4월, AAA 대통령은 제4차 환경회의에서 에너지전환 및 기후변화 대응 관련 프로젝트 투자자금 마련을 위해 프랑스의 녹색채권 발행 의사를 밝혔다.",AAA,3
"영국 외무부는 ""당신이 그 지역에 있고 떠날 수 있다면 그렇게 하라""고 조언하며 ""이는 현재 진행 중인 신종 코로나바이러스 사태 때문""이라고 밝혔다.",당신,3
"학습자는 토론 활동 수행에 대한 전체 정보를 통해 자신의 수행을 비교하고, 토론 활동 과정을 성찰한다.",학습자,3
"그가 이 문제를 나의 제안에 따라 제시했을 때, 우리 중 어느 누구도 이것을 풀 수 없었다.",나,3
"툰베리는 ""우리는 (지구온난화를) 직접적인 위협으로 느끼지만, 다른 이들은 '난 어쨌든 그때 살아있지 않을 건데, 될 대로 되라지'라 하고 만다""며 기성세대가 지구온난화를 막지 못했으니 청년들이 움직여야 한다고 촉구했다.",툰베리,3
보우소나루 대통령은 13일(현지시간) 코로나19 환자에 대한 하이드록시클로로퀸 사용 확대 문제를 네우손 타이시 보건부 장관과 협의하겠다고 밝혔다.,환자,3
그에 비해서 이 연구에서 나는 내 마음 안의 현상을 주요 연구 대상으로 삼는다.,나,3
1999년 대통령에 취임한 뒤로 12년간 베네수엘라를 장악해 온 AAA는 지난 3주간 골반 종기와 암 수술을 받았던 쿠바 수도 아바나 한 병원에서 전화 등으로 각료들에게 원격 통치를 하고 있다.,대통령,3
동시에 대중적 글쓰기에 능한 기자이기에 이런 책의 집필이 가능했을 것이다.,기자,3
"또한 치료 과정에서 자신의 역할을 이해하고 자신의 건강 및 건강 관리를 위해 필요한 지식, 기술 및 자신감을 갖는 것이 중요하며, 환자 활성화를 높일 수 있도록 해야 한다.",자신,3
"이는 시간(dt')에 따라 V(i, j)행렬에 전위가 얼마나 들어오는지를 확인하는 도함수이며, 인 상태가 되면, V(i, j) 행렬에는 모든 들어온 전류가 나가야 하므로, 키르히호프 전류 법칙을 만족하게 된다.",키르히호프,3
"그리하여 그는 선왕은 도를 원칙으로 삼고, 법을 근본으로 삼는다.",선왕,3
겐지 이야기에서는 기리쓰보 천황의 둘째 아들인 어린 황자를 마치 신하인 우대변의 아들인 것처럼 꾸며서 관상가에게 보인다.,겐지,3
열심히 노력하여 능력을 갖추면 누구라도 성공할 수 있다는 강한 믿음을 지니고 있다.,누구,3
"사건 당시 피해 여성은 AAA가 화장실을 간 사이 문을 걸어 잠근 후 직접 휴대전화로 112에 전화를 걸어 “모르는 아저씨에게 성폭행을 당하고 있다.""며 자신이 집 안에서 누군가로부터 성폭행을 당하고 있음을 신고하였다.",누군가,3
반면 프랑스에서는 그의 새로운 CD가 출간될것이라는 소식외에는 아무런 공연계획도 잡혀있지 않아 해외의 인기와 대조를 이루고있다.,그,3
제네시스상 재단은 올해의 제네시스상 수상자로 음악인 AAA를 선정하고 그에게 상금 100만 달러를 수여하기로 했다.,AAA,3
"슈차트 부국장은 ""전자담배에는 수많은 나쁜 성분이 들어있을 수 있고, 이러한 성분이 폐에 손상을 미칠 수 있다""면서 원인 규명 전까지는 모든 전자담배 사용을 자제할 것을 강력히 당부했다.",부국장,3
고령자와 기저 질환자 등 고위험군만 격리하고 일반인들은 일터로 복귀해 경제를 회생시켜야 한다는 자신의 '제한적 격리' 주장을 거듭 확인했다.,자신,3
그의 작업은 비가시적인 죽음을 재현하게 되는데 이때 그의 판은 어둠의 본원이 가시화된 그림자로 구성된다.,그,3
"그는 개발 중인 두 약 모두 모노클론항체로 불리는 생물의약품 계열로, 코로나19가 인체 세포에 침입해 복제하는 역할을 하는 스파이크 단백질을 타깃으로 한다고 설명했다.",그,3
"제사장 문서인 민수기에 따르면, 본인이 서원하고 나실인이 되는데, 이는 후대의 나실인 규정이라고 할 수 있다.",나실인,3
30대초반의 촉망받는 신예로 중국 중앙미술학원 연구반에서 중국화및 벽화를 연구중인 동양화가 서용씨가 한국 화가로서는 처음으로 12-17일북경의 중앙미술학원 전시관에서 벽화전시회를 갖는다.,동양화가,3
"코로나19와 사스(SARS·중증급성호흡기증후군) 바이러스의 다양한 표면에서 생존 시간을 연구한 제이미 로이드-스미스 박사는 ""판지에서는 24시간, 금속이나 플라스틱에서는 2∼3일까지 생존할 수 있다""면서 ""나는 식료품 포장지 겉면을 닦느라 애쓰지는 않는다""고 말했다.",나,3
"극작가 그레이그는 민감한 소재에 대한 노르웨이 피해자 등의 우려를 고려해 뮤지컬 속 테러범에는 다른 이름을 사용하고, 사건 배경도 노르웨이 대신 스코틀랜드로 바꿨다고 밝혔다.",극작가,3
"AAA1 대통령의 아들 AAA2는 지난달 27일 ""어머니가 건강 문제 때문에 언제 업무에 복귀할 수 있을지 모르는 상황""이라고 말했다.",AAA1,3
내 고객과 나는 이번 토요일에 스파를 방문할 계획입니다.,나,3
당신은 여전히 마지막 액세서리 세트를 받으실 건가요?,당신,3
귀하께서도 잘 지내고 계시지요?,귀하,3
학습의 내용과 폭과 방식을 지정하고 분량까지 강제하는 터라 연수는 나에게 족쇄일 따름이었다.,나,3
루마니아에서는 노력의 결실을 모린이 거두었을 뿐 그 전 세대인 밀러나 메이어 그리고 하임모비치의 역할을 간과해서는 안된다.,모린,3
"그는 ""우리는 당신들의 복무에 갈채를 보내며, 당신들의 희생과 깊은 애국심에 경의를 표한다""며 ""미국의 참전용사들은 이 나라 젊은이들에게 가장 훌륭한 롤모델이자 이 나라의 가장 귀한 보물들이다.",참전용사,3
"UN 한국위원단 취재 기자로 활동하면서 AAA1 선생으로부터는 말을 아끼는 대신 한마디 한마디에 무게가 있는 위엄을 배우고, AAA2 선생으로부터는 온화하고 자상함을 배운다.",선생,3
그 대신 개정판을 위한 연구논문 22편을 나의 셋째 논문집 한국음악사논고에 수록하였다.,나,3
>제가 하겠습니다.,제,3
"뉴욕으로 돌아왔을 때는 열과 피로, 발진 등 지카 바이러스 감염 증상이 나타났으며 생리 초기 단계였다고 BBB는 밝혔다.",BBB,3
"마이클의 Dangerous 월드 투어를 통해 댄서로서의 활동을 시작했으며, 태양의 서커스단의 마이클 잭슨 THE IMMORTAL 월드투어의 제작을 맡은 제이미 킹과 마이클 잭슨 재단, 존 브란카, 존 맥클레인, 그리고 다음의 창작자들의 다양한 능력으로 Michael Jackson ONE 공연은 창조적인 생각을 보여 줄 것이다.",Michael Jackson,3
수바시가 인도로부터 벗어나 새로운 맥락을 모색할수록 주변 상황은 오히려 그를 인도라는 맥락에 귀속시킨다.,그,3
지인들을 자신의 여자친구로 표현하는 그는 작품 속에는 최근 세상을 떠난 서양화가 AAA1씨와 AAA2 BBB 교수의 얼굴도 들어 있다고 말했다.,서양화가,3
귀하께 저희의 코털 제거기 제품을 제공해 드리게 되어 매우 설렙니다.,귀하,3
"오른손잡이 사용자가 왼손으로 전자장치를 파지한다고 가정하면, 제어부는 엄지 손가락 또는 검지손가락으로 조작할 수 있는 에지 영역(A, B)에 아이템을 우선적으로 배치할 수 있다.",사용자,3
"AAA 협회장은 ""오랫동안 기다려 온 일이 이뤄졌다""며 ""이 건물에서 BBB 극장이 우리 문화를 카자흐스탄뿐만 아니라 전 세계로 확산해 주기를 고대한다""고 말했다.",협회장,3
지난주 러시아의 블라디미르 푸틴 대통령을 G7 정상회담 직전 대통령 여름별장인 지중해의 브레강송 요새에 초청해 단독회담을 연 것은 이런 그의 철학을 단적으로 보여준다.,그,3
"AAA1은 이 미술관에 시베리아와 중국, 이탈리아, 중동 등을 그가 평생 여행하며 찍어둔 사진과 미국 소설가 AAA2의 지팡이 등 일생의 수집품도 남겨두었다.",소설가,3
"연구자를 포함해 많은 수학 교육학자들은 그가 역사 발생적 원리의 입장에서 기술한 미분 적분학 책을 오랫동안 참고해 왔는데, 그가 실진법과 관련해 언급했던 다음과 같은 내용이 심각한 오해를 유발했다고 할 수 있다.",교육학자,3
조르킨은 누르술탄 나자르바예프 카자흐 공화국 대통령이 2주전 모스크바 방문을 통해 제의한 `유럽-아시아 연방' 창설 구상을 지지한다고 밝히고 이같은 새 연방구성에 관한 국민투표는 95년 3월 17일 실시되야한다고 말했다.,조르킨,3
"AAA1 조각가는 ""2012년 도쿄도미술관에서 열린 전시회에 작은 소녀상을 전시했다가 철거당했는데, 그것이 계기가 되어 쓰다 AAA2가 예술 감독을 맡은 이번 아이치 트리엔날레에 초대를 받은 것""이라고 입을 열었다.",조각가,3
그는 감정의 표현이 풍부하고 힘이 있는 동작으로 군무와 솔로의 역할을 통해 움직임을 리드하는 인물이다.,그,3
정치인이나 공직자들은 나 같은 사람이 생각하는 것에 대해서 신경 쓰지 않는다.,공직자,3
"이로써, 우리는 크리스피가 18세기 갈랑 양식을 어떻게 받아들였는지 알 수 있었고, 그의 음악을 통해 아직까지 잘 알려지지 않았던 갈랑 양식의 다양한 모습들을 볼 수 있었다.",크리스피,3
여기서 더 정교하게 아이가 블록을 하나씩 쌓아 올릴 때마다 개별 모래 블록 단위로 인식을 하게 만든다면 인식의 측면에서 더 자연스럽고 좋은 구현이 될 것이다.,아이,3
시신의 행방이나 배후에 대해서는 입을 다물었고 특히 왕실과는 무관하다고 적극 부인했다.,시신,3
"그는 아이가 하나님의 말씀이 아니라면 하나님은 결코 말한 적이 없다고 말하는데, 이는 그가 아이의 생명을 지속시키는 것이 하나님으로부터 부여받은 자신의 책무이고 숭고한 행위임을 인식하고 있음을 보여주는 부분이다.",그,3
"그런 다음, 나는 다운을 위해 몇 대의 CCTV 카메라를 주문했습니다.",나,3
이같은 다국적 교향악단 결성은 클래식이라는 만국 공통어를 통해 서로 다른 나 라의 음악인들을 함께 결속시킬 수 있기 때문이라고 그는 강조했다.,나,3
"그러면서 전문가들이 ""모나 바나""가 다빈치의 그림이라고 절대적으로 확신할 수는 없으며 앞으로도 그럴 것이라고 덧붙였다.",다빈치,3
"기업가가 자신의 사업 구상에 맞춰 자신의 인식에 동의하는 사람들과 시장에서 계약을 한다고 했을 때, 앞으로 일어난 일들을 모두 예측해서 완전한 계약을 하기는 어렵다.",기업가,3
중국 전국인민대표대회(전인대) 대표를 겸하고 있는 민건련(민건련) 소속 AAA1 의원은 11일 AAA2에 대한 1심 형량이 지나치다는 내용의 서한을 중국 최고인민법원에 보내겠다고 밝혔다.,의원,3
"이 말을 들은 그 여성은 굿바움에게 다가가 ""면전에 대놓고 말해보시지""라고 말하더니 갑자기 얼굴을 향해 몇 차례 기침을 했다는 것이다.",굿바움,3
"7년 뒤 그는 발레리 지스카르 데스탱 대통령에 의해 총리로 발탁된데 이어, 다시 총리직을 맡은 1986~1988년을 포함해 1977년부터 1995년까지 파리 시장직을 맡았다.",발레리 지스카르 데스탱,3
">아니, 국 관장 귀여워 죽어?",관장,3
"문재인 대통령은 지난 2018. 8.15 경축사에서 남북 경협의 필요성과 이전 성과를 직접 언급하며, 정치적 안정 이후의 경협 발전 방향성을 다음과 같이 제시하였다.",대통령,3
자신이 속해있는 그룹 윙스를 이끌고 소련을방문할 매카트니는 모스크바와 어쩌면 레닌그라드시에서 8회에 걸쳐 솔로 콘서트를 가질 예정인데 매카트니 자신은 10년간 솔로공연에 나서지않았다는 이유로 대규모 실내스포츠 경기장에서의공연은 거부했다.,자신,3
AAA 지부장의 이런 소신은 22년 넘게 시민단체(NGO)인 굿네이버스에서 국제개발 협력 현장을 누비며 체득한 경험에서 비롯한다.,AAA,3
"AAA의 아버지는 군함도 탄광촌에서 ""오장""(팀장급 관리자)으로 일했고, 그는 아버지의 경험에 기초해 증언했다고 한다.",관리자,3
">오늘의 스페셜 게스트 장윤주, 한혜진, 이현이 등 세계적인 톱 모델을 이끄는 수장이시죠.",수장,3
"그의 사상의 논리는 궁극적으로 존재의 무로서 주체라는 것조차 무화 시켜버리지만, 이것은 타자에 의존하지 않고 철저히 자립할 수 있는 강한 주체를 수립하기 위한 논리적 장치였다.",타자,3
존슨 총리는 이번 총선에서 만족할 결과를 얻는다면 지난달 EU와 체결한 브렉시트 합의를 다시 추진할 방침이다.,총리,3
여성 간호사의 신원은 공개되지 않았으며 지난 10일 밤 미열 증상을 보여 격리조치된 뒤 11일 텍사스주 보건국의 예비검사에서 양성 판정을 받았다.,간호사,3
정치색이나 계급색을 풍기지 않으면서 독자 대중과 시대 사이에서 자신의 위치를 설정할 줄 알았던 이의 흥행술이다.,자신,3
내 영혼이 정화될수록 이전에는 모두 다르게 보이던 내용들이 결국은 동일한 형식의 사례라는 것을 자각하게 되는 것이다.,내,3
현재 밀알복지재단의 프로젝트 매니저이기도 한 정 교장은 1993년 남편 박수일(60) 목사와 함께 자녀를 데리고 선교사 신분으로 처음 에티오피아에 가게 됐다.,박수일,3
나는 그 알고리즘이 실제로 얼마나 잘 작동하는지 평가하고자 다수의 그래프에 대해 실험을 했다.,나,3
당신은 왜 제 제품을 환불하지 않으시는 건가요?,당신,3
"그와 같은 정당성을 국가가 입증하지 못한다면, 국가에는 또 법에는 사람의 존재 자체를 말살하고 생명을 빼앗아 사형을 시킬 자기 권한이 없다.",사람,3
이에 따라 귀하의 주문을 거절해야 할 것 같습니다.,귀하,3
발달장애인의 주 돌봄자인 어머니는 배우자와 비장애인 자녀와 생활하는 사람이어야 한다.,비장애인,3
중병으로 일반 공무를 수행할 수 없거나 승하할 경우 상원의장이 섭정의 자격에서 국가 원수를 대리한다.,중병,3
"잠깐, 내 얘기 하는 거야?",나,3
"구례비치 변호사는 ""미샤(미하일의 애칭)가 숨진 것은 그에게 테러를 가한 자들 때문""이라며 ""그는 마지막 순간까지 자신을 공격한 자들이 붙잡혀 처벌을 받기를 바랬다""고 말했다.",미샤,3
"그는 ""2015년에는 AAA 전 오스트리아 총리를 청년취업 담당 사무총장 특사로 임명해 활동하게 했다""고 전했다.",사무총장,3
소크라테스가 그의 삶을 통해 보여준 것이 바로 이것이다.,소크라테스,3
그리고 저번에 한국에 방문하셨을 때 제가 추천해드렸던 홍어회무침을 아주 맛있게 드셨다고 들었는데요.,제,3
그는 또 기온 상승이 태국 국민의 신진대사에 영향을 미쳐 사망률을 높일 것으로 우려되고 있으며 동부 지역에서는 폭우로 인한 홍수 사태가 자주 빚어질 것으로 전망된다고 덧붙였다.,국민,3
아무런 제한이나 한계 없이 실제 행위자도 아니고 선임감독의 책임도 없는 영업주를 단지 사업경영이익의 실질적 귀속주체라는 사정만으로 정책적인 이유에서 형벌을 과하는것은 책임의 귀속을 무한히 확대할 위험이 있기 때문이다.,선임감독,3
"그러면서 ""사법협력관은 판사가 국제 사회로 진출할 수 있는 유일한 길""이라며 ""2년에 2명이나 3년에 3명 정도로 파견 규모를 유지·확대할 필요가 있다""고 거듭 제안했다.",판사,3
"그는 감정이 지닌 힘의 유무를 검사할 필요가 있음을 밝히는데, 여기서도 자기 경험의 충실성을 기하는 문제는 힘 있는 감정을 산출해내기 위한 전제조건으로 인식되고 있다.",자기,3
"AAA 대통령이 퇴임한 2009년도의 미국 국가부채는 10조 달러였는데, 그것은 취임 직전에 비해 1.75 배나 늘어난 액수였다.",대통령,3
잔여지 소유자의 청구가 있지 않으면 손실보상을 받을 수 없는 현실이다.,소유자,3
"BBB 1 퇴임 후 BBB 2 부사장으로 부임한 이후에는 사이토 마코토 측근에서 문화 통치 정책 입안 및 시행과 관련된 책사, 정략가로 활약하였다.",정략가,3
그는 자유주의의 사회학자인 두르 케임과 마르크스는 모두 근대국가의 본질을 폭력수단의 관리 및 영역 지배에 체계적으로 연결시켜 생각하지 않았다고 비판한다.,두르 케임,3
"그는 강력한 귀족이었고, 본질적으로 왕실 정부를 대신하여 세금을 징수하는 책임을 지는 사설 세관과 소비 기구인 페르메 게네랄의 행정관이었다.",행정관,3
그는 삶의 부조리에 대해 날카롭게 인식했지만 냉소적인 시선이나 옹졸함 따위는 전혀 없었다.,그,3
쟁점의 단계를 통해 나의 지향과 상심을 연구자의 입장에서 명료하게 발견할 필요가 있다.,나,3
그러니까 동민이가 자기가 방송에.,동민이,3
"전형적인 중인 산학자 집안 출신으로, 형인 경선여의 아들 경연이 구일집의 저자 홍정하(1684∼1727)의 외조부이기도 하다.",홍정하,3
AAA1은 이어 AAA2 감독이 자기가 가르치는 제자에게 지도자를 바꾸라고 설득하며 자신에게 압력을 넣기도 했다고 주장했다.,AAA1,3
본 연구는 화학 I과 화학 II의 산·염기 모델을 모두 학습한 과학 영재 학생들의 산-염기 모델 인지 수준을 분석하고자 하였다.,학생,3
1977년 BBB에서 미론을 지도 교수로 하여 박사 학위를 받았다.,미론,3
"그는 바늘을 마루 바닥으로 던졌을 때, 바늘이 마루 선에 닿을 확률이 얼마나 되는지 질문했다.",그,3
"AAA1이 워싱턴 D.C.에 도착했을 때 AAA2 대통령, AAA3 부통령 등 미국 지도자들이 그를 맞이했다.",대통령,3
저의 승진을 축하해주셔서 정말 감사합니다.,저,3
법사가 매 겸대마다 점을 쳐서 음괘가 나오면 매듭을 지은 겸대의 꼬리를 자른다.,법사,3
"채무자가 경제적 불능을 주장하면서 본래의 계약과 다른 계약조건으로 이행하겠다고 제안해온 경우, 계약이행이 채권자에게 합리적으로 기대 가능하다면 그는 신의칙상 계약을 해소할 수 없고 재교섭에 응할 책무를 부담한다고 할 것이다.",채권자,3
영화/미술을 넘나드는 미학적 실험을 통해 그가 드러내려는 사회적 모순은 실제 역사적 기록보다도 더 현실적인 것으로 된다.,그,3
"그는 ""긴장을 막으려면 평양이 협상의 길로 나오는 것밖에 없다""면서 유엔 상임 이사국들의 노력이 중요하다고 했다.",그,3
AAA 1이 할 수 있는 것이라곤 AAA 2가 가져온 가발을 머리에 써보는 것뿐이다.,AAA 1,3
"시화에 모두 뛰어났지만 AAA의 본색이 시에 있다고 여긴 반면, 전기는 천부적인 재질을 지닌 화가로 시작하여 시에도 능숙한 경지에 올랐음을 대비해 말한 것으로 이해된다.",화가,3
국민권익위원회에 고위 공직자 고발권을 부여한 입법 취지에 맞추어서 부패 혐의 공직자에 대한 조사권 부여는 반드시 필요하다고 본다.,공직자,3
"자신을 '유엔의 아이'로 표현한 AAA 총장은 ""유엔은 항상 내 마음 속에 있을 것""이라는 말로 연설을 맺었다.",자신,3
"주위를 돌아다니거나 게임을 하기 위해, 사용자는 자신이 하기를 원하는 것에 관해 웨어러블 시스템(900)에게 명령할 필요가 있을 수 있다.",자신,3
그는 피고인 B의 보험금 지급 의무의 발생 여부에 대해서도 이를 확정하였다.,그,3
"나는 '지금 미국은 모든 통계에 근거할 때 가장 깨끗한 기후를 갖고 있다'고 했다""며 ""그리고 심지어 그것은 내가 동의하기 때문에 더 좋아지고 있다.",내,3
AAA의 DNA 예비조사 결과 그가 자라지 않는 것은 인간을 성장하게 하는 유전자들에 결함이 있기 때문일 수 있는 것으로 나타났다.,AAA,3
"그는 ""공룡 사회가 10대들로 넘쳐나는 토요일 오후의 쇼핑몰과 같았을 것""이라고 했다.",그,3
"인도, 한국, 티베트 등 서양에서 쉽게 접할 수 없는 독특한 전통 문화를 통해 자신의 기마극과의 접목을 시도한 것이다.",자신,3
>참으란 말이야 이 친구야.,친구,3
그는 처음으로 지구의 온실효과를 거론하고 그에 대한 수학적 모형화를 시도한 과학자로 알려져 있다.,그,3
"하버드대학 법과전문대학원 교수 출신으로 여성인 워런 의원은 초선인데도 개혁적 성향 덕분에 당내에서 '진보 총 아', '진보진영의 상징'으로 불리고 있다.",워런,3
>어차피 솔빈이가 걸릴 거니까 너부터 찍어.,솔빈이,3
당신은 나이 x와 키 y사이의 강한 직선적 관계를 발견했다.,당신,3
"네, 그러면 제 비서와 함께 날짜를 조정해보도록 할게요.",비서,3
당신의 사랑으로 당신은 아늑한 작은 집으로 변할 것입니다!,당신,3
"3일 베트남 정부 뉴스 사이트 등에 따르면 응우옌 쑤언 푹 총리는 전날 공문을 통해 외교관, 전문가, 투자자, 숙련 노동자와 가족의 입국을 위한 여객기 운항을 계속 허용한다고 밝혔다.",숙련 노동자,3
나는 수백 개의 계단을 향해 가면서 닫힌 에스컬레이터의 표지판을 힐끗 보았다.,나,3
"마요르사무총장은 유네스코가 자체 계획으로언론규제 및 언론인들의 윤리강령등을 모색하고있다는 IPI의 비난과 관련,자신은 지식 관념정보의 제한없는 유통을 규정하고 있는 유네스코헌장을 준수할 것이라고 밝혔다.",사무총장,3
"나는 그의 타이밍과 싸우는 것""이라며 ""그것(주지사의 재개 계획)은 지금부터 몇 달 있어야 우리에게 효과가 있을 것 같다""고 말했다.",주지사,3
이제 본론에서 보겠지만 필자는 이번에 본격적으로 이 대법원 판례를 검토하면서 기대이상으로 실제로 새롭게 확인한 성과들이 있다.,필자,3
1주일 일정으로 이스라엘을 방문 중인 코튼 의원은 31일(현지시간) 베냐민 네타냐후 총리를 만나 이란 핵합의 반대 입장을 거듭 전달했다.,베냐민 네타냐후,3
당신은 정삼각형의 밑변을 늘리면 173.8마일 떨어진 콘위와 루턴의 점포를 직선으로 이을 수 있다.,당신,3
"교도통신에 따르면 그는 총회 연설에서 ""오염수 대책은 가장 긴급한 과제다.",그,3
"프랑수아 올랑드 프랑스 대통령은 ""질서를 교란하는 이들의 행동에 분노한다""면서 ""테러범의 총알에 쓰러진 이들을 추모하기 위한 초와 꽃이 있던 광장에서 이 일이 벌어져 더욱 유감이다""라고 말했다고 현지 일간지 르피가로가 보도했다.",프랑수아 올랑드,3
"AAA 유럽의회 의장은 25일(현지시간) 최종서명을 앞두고 교착상태에 빠진 유럽연합(EU)과 캐나다 간 자유무역협정(FTA)인 '포괄적경제무역협정(CETA)'과 관련, 금주 내 협상 돌파구를 마련하기는 어렵다고 말했다.",AAA,3
"이와 관련, BBB 바이올린 연주자 AAA1 씨는 ""프랑스에 오니 거리가 아름다웠고 고전 건물이 많은 것이 인상적이었다""고 말했다.",바이올린 연주자,3
"요노브 프레데릭 아가 사무차장은 2005년 이후 주제네바 나이지리아 WTO대사로 활동해왔으며, 데이비드 샤크 사무차장은 1970년대부터 관세및 무역에 관한 일반협정과 WTO 이슈를 담당해왔으며 2000년부터 주제네바 미국 대표부 차석으로 활동해왔다.",차장,3
로스 차관 자신은 가족을 위해 최선의 행동을 했다는 커밍스 보좌관의 주장을 받아들인다고 말했다.,커밍스,3
유엔총회 연설을 끝내고 나서 압바스 수반은 유엔본부 로즈가든에서 열린 팔레스타인 깃발 게양식에 참석했다.,압바스,3
"생일 축하 만찬에는 AAA1 대사 부부를 포함해 AAA2 호주 상원의원과 AAA3 이사장 부부, AAA4 호주 외교부 북아시아 국장, AAA5 이사장 부부 등이 참석했다.",상원,3
안내 요원의 안내에 따라 정해진 주차 구역에 차를 주차해야 하는데요.,요원,3
전 로드맵을 보더라도 평생 김일성의 주체사상과 김정일의 선군사상을 포기할 수는 없을 것이다.,김일성,3
"AAA 주아세안대표부 대사는 ""한류가 생각하는 것보다 아세안에 광범위하게 퍼져있다""고 전했다.",AAA,3
조형 활동 초기 1단계인 1612년-1626년경까지 수조각승 현진 조성의 불상에만 관여하고 있다.,단계,3
董建華 초대행정장관이 식민통치의 치욕적 상징성과 풍수를 이유로 입주를 꺼리며 박물관으로 사용할 뜻을 내비쳤기 때문이다.,董建華,3
지난 6일 방중한 북한의 6자 회담 차석대표인 AAA1 외무성 미국국 부국장은 이미 귀국길에 오른 것으로 알려진 가운데 AAA2 부부장이 모종의 임무를 지니고 방중했을 가능성도 배제할 수 없다는 관측이 대두했다.,부국장,3
"소방관 19명의 순직 소식이 전해지면서,아프리카를 순방 중인 오바마 미 대통령이 조의를 표하는 등, 각계에서 애도의 물결이 이어지고 있다.",소방관,3
AAA 장관은 아르헨티나에서 현재 뎅기열 발병 사례가 유례없이 증가하고 있다는 사실을 언급하면서 뎅기열을 옮기는 모기 퇴치에 주력하고 있다고 말했다.,AAA,3
"훙레이 대변인은 27일 정례 브리핑에서 엘튼 존이 최근 중국 순회 공연 도중 아이웨이웨이를 언급한 것을 어떻게 평가하느냐는 질문에 굳은 표정으로 ""나는 그런 사람을 모른다""고 잘라 답했다.",사람,3
"청소년 환경운동의 아이콘으로 떠오른 스웨덴의 10대 운동가 그레타 툰베리(16)는 이날 회의에서 세계 정상급 인사들을 향해 ""미래 세대의 눈은 여러분들을 향해 있다""면서 ""여러분이 우리를 저버린다면, 결코 용서하지 않을 것""이라고 목소리를 높였다.",그레타 툰베리,3
"그렇기 때문에, 1인창작 콘텐츠를 활용하여 창작자에게 수익 배분을 시작하면 양질의 콘텐츠가 나타날 수 있다.",창작자,3
일반적으로 우리는 당신에게 우리의 다른 종류의 전통 가옥을 보여주고 싶습니다.,당신,3
">등이 나갔을 때 나한테 얘기를 하면 당연히 알고 어, 그래.",나,3
"그는 '깜짝 초청자'인 에마뉘엘 마크롱 프랑스 대통령과 면담하고 영국·독일 정부 당국자들과 핵합의(JCPOA·포괄적공동행동계획) 위기의 해법을 논의했지만, 정작 가장 중요한 대화 상대인 미국 측 인사들은 만나지 못했다.",에마뉘엘 마크롱,3
"AAA 대표단장은 각국 대표단을 만나 유창한 영어로 설득했으며, 천주교인임을 내세워 교황청에도 협조를 요청했다.",대표단장,3
"그는 자신이 존경하는 휘르랑어-히스 장군이 슈비치-슈발로케 전투에서 후퇴해야 했을 때, 단지 8,500명의 희생자만을 냈다는 이유로 히틀러의 총애를 잃고 프랑스의 비아리츠로 보내졌으며 그곳에서 가재 독에 의해서 사망했다고 주장한다.",장군,3
2016년 3월에도 국립아시아문화전당 어린이문화원 어린이 극장에서 공연한 바 있다.,어린이,3
"그는 지난 대선에서 ""공연히 이런 일을 하고있는 것은 아니다""고 말했다.",그,3
"1930년 이후로 강릉의 4대 원우인 향현사, 오봉 서원, 송담 서원, 회암영당의 유사나 관리인을 맡았으며, 강릉 향교의 직원을 역임하였다.",직원,3
"의약품의 제조업 허가를 받으려는 자는 위 시설을 갖추고 허가 신청서에 약사 면허 결격사유에 해당하지 않는 것을 증명하는 진단서, 제조 관리자의 자격을 확인할 수 있는 서류 등을 함께 제출하여야 한다.",관리자,3
"그의 남편인 캐스 선스타인 하버드대 로스쿨 교수도 리투아니아 출신의 자신의 조상이 미국에서 받은 이민서류를 보여주면서 ""우리는 이민자의 나라""라고 말했다.",이민자,3
"버락 오바마 미국 대통령이 대기근이나 홍수, 대형산불 등 기후변화로 인해 일어나는 대형 재해를 효과적으로 극복하기 위한 기금을 마련하겠다고 밝혔다.",대통령,3
"AAA 프랑스 대통령이 취임 후 첫 유럽의회 연설에서 ""내전""이라는 표현까지 써가며 유럽 민주주의의 위기를 우려했다.",AAA,3
주도적 서비스 행동은 호텔 직원이 자신의 직무에 대한 재량권과 주인의식을 갖고 동기부여나 심리적 보상이 부여되었을 때 가능한 행동으로 사료된다.,직원,3
"영국에서 가장 사랑받던 TV 진행자 중 하나였던 그는 방송에 입문하기 전 군 장교를 지냈고, 식당에서 벽화를 그리는 일을 했다.",그,3
"반 사무총장은 이날 대변인을 통해 발표한 성명에서 ""리커창 중국 총리, 아베 신조 일본 총리, 특히 3년 반 만에 재개된 3국 정상회의를 주최한 박근혜 대통령에게 찬사를 보낸다""고 말했다.",대변인,3
또 자신을 '당신의 연인'이라고 표현한 작곡가 레너드 번스타인과 영화감독이자 오페라 연출가인 루키노 비스콘티와 프랑코 제피렐리 등의 편지도 눈길을 끌고 있다.,영화감독,3
그럼에도 박사 논문을 통해서 그리고 바우어와의 관계를 고려해 보면 마르크스가 당대의 전제 군주제를 반대했고 헤겔의 입헌 군주제를 지지했다고 추정할 수 있다.,마르크스,3
대표 소비자는 먼저 일정 수량의 제조업 제품을 구매한다는 가정하에서 자신의 지출을 최소화시키는 선택을 할 것이다.,자신,3
우리는 그의 단점을 잠시 접어두고 장점을 자세히 살펴본다.,그,3
연구 대상자들의 인식 분석과 교육과정의 해석 그리고 제안된 지도방안을 통해 다음과 같은 몇 가지에 대한 논의를 하고자 한다.,대상자,3
"네, 저는 칭찬을 받고 기뻐해 본 적이 없는 것 같아요.",저,3
필자는 과거에 법률 효과의 착오에 관하여 자세히 검토하여 발표를 한 바 있다.,필자,3
"기예처럼 어느 때에 배우거나 잊어버릴 수 있는 것도, 한번 배운 것을 뜻대로 써 먹을 수 있는 것도 아니고, 행위를 하는 사람 자신이 최고의 좋음으로 욕구하고 습관들인 기준에 따른 것이다.",사람,3
서영해가 나중에 귀국해 회고한 바에 따르면 그는 일본의 밀고로 나치에 체포돼 6개월간 감금생활까지 했다.,그,3
"그는 ""법정 근로시간이 주당 48시간에서 40시간까지 줄면서 실제 근로시간은 감소해왔지만 여전히 길다""면서 ""일을 많이 하는 것보다 제대로 하는 것이 중요하다""고 했다.",그,3
마윈을 만난 진융은 그에게 '나의 진실함을 지키지 못할 바에는 보물창고를 텅 빈 채로 놔두겠다.,나,3
"그러면서 ""한국군이 다른 마을로 사라진 뒤 어머니를 찾아 헤맨 마을은 처참했다""며 ""마을 사람들 74명이 죽었는데 대부분 여성과 아이들, 민간인이었다""고 울먹였다.",민간인,3
이 책의 7개 장의 내용을 거의 모두 구고술과 구면삼각법이 차지하고 있고 마지막에 사원술 부분도 결국 기하학적 문제를 푸는 방법으로 사용되는 것은 그의 관심이 어디 있는지를 알려준다.,그,3
신문에 따르면 산둥(산동)성 펑라이(봉래)시 왕쉬(왕서)촌에서 포도를 재배하는 농민 AAA씨는 지난 6월 포도밭에서 일하다 진드기에 물리는 바람에 자신의 11년치 소득에 해당하는 돈을 진료비로 날렸다.,AAA,3
본인의 학년별 역량변화 추이 를 파악할 수 있도록 각 학년별 역량점수 및 평균을 제시하였다.,본인,3
"그에 관한 국내의 전문 연구는 거의 찾아볼 수 없으며, 김홍도의 그림을 논하는 전문서에서 아들 김양기의 그림을 간헐적으로 소개하는 수준에 머무르고 있다.",그,3
"화주가 이 기간 내에 장비를 반환하지 못할 경우에는 그 반환 비용을 포함하여, 테리프 규정에 따른 지체료를 지급하여야 한다.",화주,3
마르크스에 더 적합하다고 생각하는 관점을 제시하고자 한다.,마르크스,3
"장사익은 인사말에서 ""러시아와 한국은 아주 멀리 떨어져 있는 것처럼 느껴지지만 실은 러시아와 한반도 땅은 맞닿아 있다""면서 ""멀고 가까운 이웃 러시아 관객 앞에서 공연하는 것이 행복하다""고 소감을 밝혔다.",장사익,3
"""시호연기""는 AAA가 자신의 행력을 연월별로 작성한 연보인데, 이를 중심으로 AAA의 주 요 행력을 정리하면 아래와 같다.",자신,3
그는 물리학을 떠나 통신 산업으로 진출하여 결국 모토로라에 합류했다.,그,3
"그는 이날 일본외신기자클럽에서 가진 기자회견에서 일본인들은 ""롤링·스톤즈""가 최근 4개월동안 미국순회공연을 가지면서 51개도시를 순회,2백50만 명의 청중을 동원하면서도 질서정연한 공연일정과 말썽없는 안보조치를 취한데 대해 ""감명을 받은것 같다""고 강조했다.",롤링,3
"이 이야기는 몇 년 뒤, 아스트리드 린드그렌이 눈길에 넘어져 발을 다쳤을 때, 글로 옮겨졌다.",아스트리드 린드그렌,3
"Stanley Tucci는 ""오늘 신제품 Johnnie Walker Blue Label Ghost and Rare 출시 행사에 참여하면서 굉장한 경험을 했다""라며 ""Port Ellen 이야기를 탐색하고, 언어와 공연을 향한 나의 열정을 위스키를 향한 애정과 결합할 수 있어 즐거웠다""고 말했다.",Johnnie Walker,3
당신은 6000달러를 지불해야 합니다.,당신,3
그러기에 나는 학생이 연습하며 녹음파일들을 것을 염두해 두며 레슨 때 강조해야 할 부분은 아주 자세히 설명을 해 주었다.,나,3
"그는 ""1년간 오디션을 본 끝에 무용단에 입단했으나 현실은 고달프기만 했다.""",그,3
이와 같은 그의 공사법 일원론으로 인하여 전근대적이고 국가주의적 형태가 잔존하는 일본의 공법 영역은 가와시마류의 시민사회론의 비판의 대상이 되었고 가와시마 류의 시민사회론도 나름의 현실비판 법학으로서의 역할을 하였다.,가와시마류,3
"그는 사촌들과 함께 사탕을 사러간 한 식료품점에서 백인 여성 캐롤린 브라이언트를 향해 휘파람을 불었다는 이유로 여성의 남편 일행에게 납치됐고, 사흘 만에 인근 강가에서 심하게 구타 당해 처참히 훼손된 시신으로 발견됐다.",그,3
"그는 AAA가 각각의 정의를 여러 차례 주장했음에도, 문제를 해결할 수 없었다고 어려움을 내비쳤다.",그,3
올랑드는 2014년 1월 한 연예 주간지 보도로 여배우 쥘리 가예와 밀애를 즐겨 온 것이 드러나면서 동거녀 발레리 트리에르바일레와 헤어졌다.,올랑드,3
"그는 ""언론에 드러내놓고 하는 봉사는 쑥스럽다""고 손사래를 치며 환자와 눈을 맞췄다.",그,3
"거기서, 그는 글래스고우 대학의 자연철학 교수인 딕을 만났다.",교수,3
여행자는 공유된 장소의 의미와 자신이 짊어지고 온 '문화 배낭'으로부터 서사의 자원을 얻는다.,자신,3
"리치먼드 밸리 카운슬 관계자는 ""폐사한 박쥐 사체를 치우려고 해도 일부 강둑 지역은 접근 자체가 어려운 상황""이라며 ""광견병과 유사한 리사바이러스(lyssavirus) 감염 우려가 있기 때문에 주민들이 박쥐 사체를 만져서는 안 된다""고 말했다.",관계자,3
이런 측면에서 그의 문학은 비난에 가까운 세평이나 신경향으로 주목 받았던 문단의 증언에 일방적으로 기대는 방식을 벗어나 '단편적 징후들의 퍼즐 맞추기를 통한 문화사적 복원'이 여전히 필요해 보인다는 것이 이 글의 결론에 해당한다.,그,3
나는 자기가 틀렸음을 인정하는 것과 생각을 바꾸는 것을 모두 자신의 신뢰와 회의주의에 적용하는 틀을 갖고 있음을 알려 주는 중요한 징표라 생각한다.,자기,3
"아인슈타인은 1922년 일본을 방문했을 당시 도호쿠 대학이 소재한 센다이 시에서도 강연을 하였는데, 1922년 도호쿠 대학에 입학한 가와구치도 아인슈타인의 강연을 들었을 개연성이 크다.",가와구치,3
반 고흐는 자신의 동생인 AAA1의 소개로 편지 수신자인 AAA2와 알게 된다.,AAA2,3
만화를 보고 만화 줄거리를 적거나 나한테 말해주면 된다고 말하였다.,나,3
"이어 반 총장은 연내 방북 가능성에 대해선 ""그 점에 대해선 드릴 말씀이 없다""고만 말했다.",총장,3
"그는 PEFC는 산업계를 위해 산업계가 만든 가짜 인증에 지나지 않는다고 신랄하게 비판하면서도, FSC가 PEFC와 경쟁하면서 느슨한 표준을 적용하는 경우 FSC도 가짜 인증과 다를 것이 없는 결과를 맞이할 것이라고 지적한다.",그,3
보우소나루 대통령은 13일(현지시간) 코로나19 환자에 대한 하이드록시클로로퀸 사용 확대 문제를 네우손 타이시 보건부 장관과 협의하겠다고 밝혔다.,네우손 타이시,3
그녀는 17살때 첫 연극무대에 오른 뒤 몇년 지나지 않아 큰 명성을 얻게 됐지만 그녀의 진가는 역시 연극인 남편인 알렉산드르 메나케르와의 공연에서 더욱 빛을 발했다.,알렉산드르 메나케르,3
"그는 우선 ""종래 우리 제국의 조선통치에는 소위 ""동화정책""이라는 인습정책이 있다.",그,3
그는 또 기온 상승이 태국 국민의 신진대사에 영향을 미쳐 사망률을 높일 것으로 우려되고 있으며 동부 지역에서는 폭우로 인한 홍수 사태가 자주 빚어질 것으로 전망된다고 덧붙였다.,그,3
한편 인근 뉴저지주의 필 머피 주지사도 전날 야외에서 최대 25명까지의 모임과 캠프장의 재개장을 허용한다고 밝혔다.,주지사,3
"제네바 강연에서 시진핑은 ""과거 중국이 강대국(예를 들면, 청 왕조)이었을 때, 공격적이거나 팽창적인 행위 없이도 세계 경제 발전의 30%를 담당하였다""고 강조하였다.",시진핑,3
나는 당신에게 이 제품에 대해 2년 보증을 제공합니다,당신,3
"한 개인이 자신의 비평형 상태를 유발할 수는 있지만, 다른 사람과 협력하면 비평형 경험을 더욱 촉진할 수 있다.",자신,3
"그래, 알았어, 네 덕분에.",너,3
"그는 근대극적 색채가 심한 신 가부키를 전통에도 가부키로 돌려놓으려 했으며, 에도 가부키의 판타지적 본성을 현대의 무대장치, 조명, 음악 등을 통해 더욱 강화시켰다.",그,3
"사용자는 자신의 홍채 이미지에 대응하는 건강 검진 데이터를 건강 정보 생성 장치(1600)에 전송함으로써, 자신의 홍채 이미지와 건강 정보가 체계적으로 관리되도록 할 수 있다.",자신,3
좋습니다. 저는 마닐라에서 체육관을 운영하고 있습니다.,저,3
시텐노지가 지어진 뒤 곤고는 초대 당주가 되어 사찰을 관리하고 수리하는 일을 맡아 지금까지 생명을 이어온 BBB 창립자로 이름을 남겼다.,관리,3
당신은 완전히 비이성적인 사람인 동시에 완벽하게 이성적인 사람이 될 수 없다.,사람,3
이 글에서는 나의 개인적인 의견을 잠시 언급하고 그치려고 한다.,나,3
"AAA1은 사람들이 자신의 구상을 오해하고 있다며 ""나는 AAA2를 닮은 작품을 만들려는 게 아니라 그가 세상 속으로 뛰어들었던 점을 형상화하고자 하는 것""이라고 해명했다.",그,3
"긴급조치와 학생, 재야 시민 세력에 대한 지나친 억압에는 '일당 독재 체제'라는 단어를 인용하며 비판하고, 경제난으로 인한 민생의 어려움은 AAA의 '영도력'에 회의를 갖게도 했다.",AAA,3
30대초반의 촉망받는 신예로 중국 중앙미술학원 연구반에서 중국화및 벽화를 연구중인 동양화가 서용씨가 한국 화가로서는 처음으로 12-17일북경의 중앙미술학원 전시관에서 벽화전시회를 갖는다.,화가,3
"그 과정에서 환자로서 AAA의 퍼스낼리티와 질병을 통과하는 모습, 그의 고통을 심화시키는 요소들에 대해 이야기하도록 한다.",AAA,3
안타까운 일이지만 미국 시민이 아니면 미국에 사는 것이 모두 불법이라 생각하는 사람에게는 논리가 통하지 않는다.,시민,3
취임식이 끝난 뒤 올랑드 대통령은 퍼스트레이디 자격으로 자리한 연인 발레리 트리에르바일레와 함께 참석자들과 일일이 인사를 나눈 뒤 친환경 오픈카를 타고 샹젤리제거리를 돌며 파리 시민들과 인사했다.,연인,3
내가 아는 한 이 또 다른 논거는 아직 존재하지 않는다.,내,3
"반 총장은 ""마우러 총재와 합동회견을 하게 된 것도 고의로 민간인을 겨냥한 공격이 자행됐기 때문""이라고 말했다.",민간인,3
"마크롱 대통령은 이날 TV 연설에서 자신의 목표는 ""모든 우리 협력국들에 무역 긴장은 모두에게 나쁘다는 것을 설득하는 것""이라면서 긴장을 완화하고 무역 전쟁을 피하도록 해야 한다고 강조했다.",자신,3
입국 당시 체온이 37.5도여서 BBB 병원에서 격리관찰 조치를 받았으며 22일 표본조사와 유전자 검사 결과 확진환자로 판명됐다.,환자,3
2006년 호킹은 언제 죽을지 모르는 인생을 살고 있기에 시간 낭비를 극도로 싫어한다고 밝힌 바 있다.,호킹,3
자신이 몸담고 있는 사회의 일부분(자신의 지배 위치와 특혜를 누리는 측면)임을 의식화해야 한다.,자신,3
그는 그 이상적인 모델을 특별한 제약 없이 자유롭고 과감한 표현을 할 수 있는 기악적 레치타티보에서 찾게된다.,모델,3
필자는 고등학생들의 이해를 쉽게 하기 위해 이러한 설명을 교과서 보조단에 써넣었지만 AAA 교수의 지적에 동의한다.,교수,3
남편이 아이를 돌보고 있고 아내는 공연을 보러 들어가는 모습도 봤다.,아이,3
"나는 그의 타이밍과 싸우는 것""이라며 ""그것(주지사의 재개 계획)은 지금부터 몇 달 있어야 우리에게 효과가 있을 것 같다""고 말했다.",나,3
"하지만 전에 중국 아동이 서적을 경대하는 것을 보았는데, ""논어"" 상하권과 ""맹자"" 상하권을 아침저녁으로 펴서 읽어도 책장은 새 것이었다.",아동,3
AAA 대통령은 지난달 말∼이달 초 이스라엘 방문에서 예루살렘에 무역 사무소를 설치하겠다는 계획을 발표했다.,AAA,3
"AAA1은 27살 때 수시로 정신을 잃는 상황에 빠지자 BBB의 신경외과 의사인 AAA2를 찾아갔고, 여러 가지 치료 끝에 AAA2는 뇌의 일부 조직을 제거하는 수술을 시행했다.",AAA1,3
"미 공화.민주당에서 냉전의 유물인 쿠바와의 무역.여행.본국방문 규제를 걷어내려는 시도는 과거에도 있었지만, 지난달말 피델 카스트로가 물러나고 동생 라울에게 권력이 이양되는 전환기를 맞아 탄력을 받고 있는 것이다.",동생,3
대통령 직속 기관이 어느 부처의 자문기관이라는 말인지 이해할 수 없다.,대통령,3
"AAA1은 올해 초 BBB1와의 인터뷰에서 ""흑인을 AAA2 같은 BBB2의 백인 수석 여자 무용수와 한 무대에 세우다니 그 대담함을 상상이나 할 수 있느냐""고 회고했다.",백인,3
"당시 맥키번은 화석연료 회사들에 대한 투자 철회 촉구 운동을 벌이고 있었고, 스테이어는 맥키번의 활동에 대한 기사를 인상 깊게 읽고 그에게 전화를 걸어 둘의 등반은 성사됐다.",그,3
"대통령 취임 직후 밝힌 6대 국정 과제 중 4번째로 ""군사력 재건""을 제시하면서 ""세계 다른 어떤 국가보다도 강력한 군사력 및 최상의 대비 태세를 유지""하겠다고 밝혔다.",대통령,3
시험은 대상에 대한 이해의 정도를 확인하는 것으로 응시자는 자신의 능력만을 사용하여 시험을 치러야 한다.,응시자,3
이와 함께 그는 화술에서 템포와 포르테까지 고려했던 연극인이었다.,연극인,3
>나는 한국인이지.,나,3
"당시 그녀의 사망 소식이 전해지자 AAA1 아일랜드 총리는 ""1990년대 아일랜드에서 자란 이에게 AAA2는 우리 세대의 목소리였다""고 말했다.",AAA1,3
BBB 방송은 NIH가 5차례 검사를 거쳐 AAA의 에볼라 바이러스 음성 반응을 확인했다며 에볼라 치료제가 없는 상황에서 모든 치료가 실험 상태로 진행된 만큼 그를 생명에서 구한 치료법이 무엇인지는 불분명하다고 소개했다.,그,3
프랑수아 올랑드 프랑스 대통령은 12일(현지시간) 그리스의 유로존 탈퇴를 막도록 모든 노력을 기울이겠다고 강조한 반면 앙겔라 메르켈 독일 총리는 협상이 힘들 것이라고 상반된 입장을 피력했다.,앙겔라 메르켈,3
"<수학교육의 가치론>>에서 피력하고 있는 것은 최윤식 자신의 견해로 보이지만, <수학교육의 개혁 (I)> 과 <수학교육의 개혁 (II)>에서 피력하고 있는 수학 교육의 의의와 수학 교육의 원리는 본래 소창금지조의 견해이다.",최윤식,3
반 총장은 베트남 방문 기간인 지난 23일 동남아시아 국가들에 해상에 표류 중인 미얀마 로힝야족 및 방글라데시 난민 구조를 최우선 과제로 삼을 것을 요청했다.,반,3
리원량도 그녀가 올린 화남 청과 수산물시장에서 사스 확진자 7명 등 소식을 알린 것이었다.,리원량,3
"쿠오모 주지사는 ""그(뉴욕시장)가 휴교를 결정하지 않았고 개학도 결정할 수 없다.",뉴욕시장,3
"피게레스는 사무총장에 나설 용의가 있는지에 대해서는 ""그럴 계획은 없다""고 말했다.",피게레스,3
그는 일간지 르 몽드의 온라인판과 종이신문에 코로나19를 피해 시골에서 지내며 떠오른 단상과 일화들을 정리해 '격리 일기'(Journal du confinement)라는 연재를 이어가고 있다.,그,3
"양 연구원은 이날 연합뉴스와의 전화 인터뷰에서 ""중국이 한국과 미국의 한반도 '사드' 배치 압박 때문에 양보했다는 이야기가 있는데 어떻게 보느냐""는 질문에 이같이 대답했다.",양,3
"자신도 가족을 독일에 두고 왔다는 슈테겐 소장은 ""외국인들에게 더 비싼 가격을 적용하는 생활용품 가격도 가족과 함께 평양에서 생활하기 어렵게 만드는 요인 중 하나""라고 지적했다.",소장,3
다만 그 날 밤 흉가에서 파를 다듬는 행동을 보면 그는 세상을 떠도는 장시치로 보인다.,장시치,3
"서랜도스는 ""믿을 수 없을 정도로 안전한 환경"" 속에서 콘텐츠를 만들고 있다고 거듭 강조하며, 다른 나라에서 촬영을 재개할 때 두 나라에서의 제작 경험을 활용할 계획이라고 설명했다.",서랜도스,3
김구 선생의 손자인 김양 주 상하이 총영사는 한국 문화원 개원을 하루 앞둔 11일 저녁 개막공연 축사에서 백범 일지 가운데 한 대목을 인용했다.,영사,3
이 규정은 사용자가 자신의 우월한 지위를 남용하여 일방적으로 만든 규정이기 때문에 또한 무효라 할 수 있다.,자신,3
"나이로 보아 전성기의 누레예프를 구경하지 못했을 한 젊은 여성은 ""이런 공연은 흥미없다.",누레예프,3
팀장님과 상의해서 조만간 연락드리겠습니다.,팀장,3
">오늘의 스페셜 게스트 장윤주, 한혜진, 이현이 등 세계적인 톱 모델을 이끄는 수장이시죠.",게스트,3
"캠벨 관장은 ""반가사유상을 포함한 많은 국보와 유물을 대여해준 한국 정부와 국립중앙박물관에 감사를 드린다""고 덧붙였다.",관장,3
"정상회담 후에 열린 기자회견에서 아베 총리는 ""10년 만에 피지 총리가 일본을 방문한 것은 양국 관계의 새로운 역사가 시작이라고 확신한다.",아베,3
"루이스 시장은 편지에서 ""영국에서 추진하는 박물관 건립 지원에 진심으로 감사한다""며 ""이번 일을 계기로 두 시가 교육과 문화 등 각 분야에서 관계가 증진되길 바란다""고 밝혔다.",시장,3
"자오 부장은 ""중국과 홍콩, 대만 등의 가수와 배우 100명이 'D-100일' 기념곡으로 선정된 '베이징은 당신을 환영합니다'라는 제목의 노래도 공연한다""고 말했다.",가수,3
"그는 지역 춤의 무형문화재 지정에 관해 '무용종목이 없는 자치단체는 울산, 강원, 광주, 충북, 전남, 경북, 제주, 세종으로 나타난다'라고 하였다.",그,3
"나이나 성별 같은 요인은 예방할 수 있는 인자는 아니지만, 같은 노인이더라도 70대 중, 후반의 여성 환자군에게 좀 더 관심을 갖는 것이 좋을 것 같다고 생각된다.",노인,3
"이는 지난달 테러범들이 파리 시민의 일상의 장소인 카페, 공연장 등을 겨냥해 테러를 저지르자 파리 시민이 사회관계망서비스에서 '나는 테라스에 있다'라는 문구에 해시 태그를 붙이며 테러에 저항한 것을 상기시킨 것이다.",나,3
"남매는 알을 빼앗아가지 않는 일본인을 ""고마운 영갬이상""이라 부르고, 아버지 역시 ""참 고마운 일""이라고 이야기하지만 정작 복어알의 위험성을 알면서도 이를 알리지 않는 일본인의 행위는 한 가족의 파국을 불러일으키게 된 것이다.",가족,3
그의 제안은 거절당했고 그는 더 이상 우리와 함께 있지 않다.,그,3
"당신이 그 식물만 먹고사는 존재라고 가정하면, 그 식물이 없어지는 것은 당신도 사라지게 된다는 것을 뜻한다""며 ""한 부분이 빠져나가게 되면 그 효과가 나타나고 결국에는 전체가 붕괴할 수 있다""고 경고했다.",당신,3
그는 비극이 원래 합창대 지휘자와 합창대 사이의 문답 형식이었다는 점에 주목한다.,지휘자,3
"교사는 수업을 실행하는 과정에서 학생의 학습뿐만 아니라, 그 자신의 배움을 만들어간다.",학생,3
확률론은 보편적 결정론(universaldeterminism)이라고 불리는 자신의 자연 철학을 설명하고 이해하기 위한 절대적인 수단이었다.,자신,3
"귀국 직후부터 그를 동포에 소개하기 위하여 유지들이 모여 후원회를 모집했고, 13인의 이사도 선출되었다.",그,3
보리스 존슨 영국 총리가 장클로드 융커 유럽연합(EU) 집행위원장과의 회동을 하루 앞두고 다음 달 EU 탈퇴(브렉시트)를 강행하겠다는 의지를 '헐크'에 빗대 천 명했다.,보리스 존슨,3
"2009년 안중근 의거 100주년인 2009년, 순국 100주기인 2010년을 전후로 AAA 은 안중근 유해발굴 사업에 참여하여 2008년에는 학술논문 ""안중근 묘역 추정의 경과""를 발표하고, 2010년 3월 ""안중근 의사 유해발굴 추진단""의 ""안중근 의사 유해발굴단장""을 역임한다.",단장,3
삽화가로 소개될 때 혜성처럼 돌현하여 삽화계의 폭탄적 경이를 나타내었다는 평을 받기도 했던 그는 당시 누구보다 활발하게 시대를 살아내었다.,삽화가,3
"돌이켜보면, 당신은 아주 좋은 제안을 했어요.",당신,3
그의 이론은 다시 아인슈타인의 시간 지연 이론이 생각나게 한다.,그,3
"BBB는 ""AAA 박사는 동맥심장 질환의 예방과 치료에 새로운 시대를 열었다""며 ""그의 연구는 수백만 명에게 영향을 미쳤다""고 평가했다.",AAA,3
그는 비만치료 수술과 식이요법으로 몸무게를 가장 많이 나갈 때의 거의 절반 수준인 247.6㎏까지 줄인 적도 있다.,그,3
">우리 이제 윤지랑 우성이랑 예쁜, 예쁜 아기를 갖고 싶어한다는 얘기를 들었어.",아기,3
나의 약점이 상대방에게 드러나는 것을 두려워하지 않는 것이다.,나,3
일찍이 민달조에서는 고구려 승 혜편을 환속시켜 그가 보유한 각종 특수 기능을 충분히 활용하고 있는 것이다.,혜편,3
"공자는 제자 중궁을 ""남면하게 할 만하다""42)고 하여 군주가 될 만한 그의 덕행을칭찬하였다.",그,3
대상판결은 운송주선인이 하우스 선하증권을 자신의 명의로 발급한 경우에는 개입권을 행사하여 운송인이 된다고 보고 있다.,운송주선인,3
김 총리 일행은 산둥성 지도부와 회담을 하고 차이자오표준화기지를 시찰한 뒤 유네스코가 세계유산으로 지정한 타이산과 취푸시 공자묘와 공자 생가 등을 둘러봤다.,김,3
"지난해 7월 몽골에서 한국으로 건너온 AAA 군도 ""친구들과 함께 모처럼 웃고 즐기다 보니 기분이 무척 좋다""고 말했다.",AAA,3
비단 인물뿐만 아니라 등장하는 모든 것들을 설정할 수 있다.,인물,3
"그의 대북 사업은 북한에 대한 투자 행위였지만, 그 결과가 불러일으킨 한반도 평화 정착에 대한 기여도는 가치로 따질 수 없을 만큼 지대했다.",그,3
"AAA1 총장은 이날 BBB와의 인터뷰에서 ""총장 임기가 끝나기 전에 AAA2 당선인을 면담하기를 희망한다""고 말했다.",당선인,3
1주일 일정으로 이스라엘을 방문 중인 코튼 의원은 31일(현지시간) 베냐민 네타냐후 총리를 만나 이란 핵합의 반대 입장을 거듭 전달했다.,코튼,3
"그는 이어 ""조세 회피와 조세 포탈의 차이에 비유하고 싶다""면서 ""배출가스를 꼼수로 줄이는 행위가 떳떳해 보이진 않지만, 꼭 불법이라고는 할 수 없다""고 말했다.",그,3
"피게이레도 장관은 다양한 경로를 통해 EU 측과 접촉하고 있다고 소개하면서 ""모든 과정이 순조롭게 진행되고 있으며 되도록 이른 시일 안에 FTA 체결이 가능할 것으로 본다""고 말했다.",피게이레도,3
"생일 축하 만찬에는 AAA1 대사 부부를 포함해 AAA2 호주 상원의원과 AAA3 이사장 부부, AAA4 호주 외교부 북아시아 국장, AAA5 이사장 부부 등이 참석했다.",이사장,3
교육 후 가족과 나는 서로를 잘 이해하게 되었다.,나,3
"윗제우 주지사는 자신을 둘러싼 의혹을 완강하게 부인했으며, 일부에서 제기되는 주지사직 사임 가능성도 일축했다.",주지사,3
"AAA 의원은 ""SNI 방식은 정부가 불법 사이트 단속 목적으로 더 많은 개인정보에 접근할 길을 열어준 것으로, 사실상 인터넷검열""이라며 ""방송통신위원회는 SNI 차단 방식을 철회하고 국민 의견수렴부터 다시 해야 한다""고 말했다.",AAA,3
민족관현악단의 지휘로서 그는 대부분 창극 지휘를 담당했다.,그,3
내일 입고되는대로 즉시 고객님께 발송해 드리겠습니다.,고객님,3
"만약 사용자가 고객 응대 근로자의 요구를 이유로 해고, 그 밖의 불리한 처우를 하면 1년 이하의 징역 또는 1,000만 원 이하의 벌금에 처해질 수 있다고 한다.",근로자,3
타인도 나와 똑같이 존중받아 마땅한 사람임을 알기 때문이다.,타인,3
"FFF라는 책에서 ""그(=도서관) 는 … 무척 자유롭게 빌려 준다.""라고 적고 있다. 고객을 대상으로 책을 빌려주는 영업을 처음 시작한 것이다.",고객,3
북한 음악인들이 남한에서 공연했을 때 AAA가 연주한 중모리 안땅이 소개되면서 처음으로 접하게 되었다 라고 진술한다.,AAA,3
내 돈 내고 진료하고 약을 먹고 하면 그렇게 병원에 자주 안 가지 병원 문턱이 너무 낮아서 문제인 것도 있다.,나,3
"일은 내 식으로 하면 되는 것이고, 일에 따른 임팩트는 모르는 게 좋을 것 같기도 하다.",나,3
작년 6월 말 취임과 함께 전통 우방인 미국에 등을 돌리고 중국과 경제·방위 협력에 박차를 가하는 AAA 대통령이 드러내놓고 중국에 손을 내민 것이다.,AAA,3
그는 조직마다 종사원이 고객 만족 서비스 실현을 위해 정해 놓은 감정 표현 규정이 있다.,종사원,3
"이틀간 열리는 이번 전시회를 후원한 이탈리아 항공 우주 기업 BBB의 AAA 사장은 예술가로서 뿐 아니라 물리학 등 과학자로도 유명한 다빈치는 ""이 스케치에서 예술에 과학을 적용하고 있다""고 말했다.",AAA,3
학생 개개인이 지니고 있는 학습 동기 수준은 그 자신의 학습 행동과 과정 그리고 결과에 이르기까지 중요한 영향을 미친다.,자신,3
"BBB 대학 내 연구자 중 육아 휴직자와 첫 면담을 한 뒤, 그를 매개로 스노우볼링 표집법으로 여러 명의 추가 면접 대상자를 선정했다.",그,3
그는 과거에 AAA 외교장관이 미국 정부로부터 북한과의 상황을 진전시켜달라는 요청을 받은 바 있다며 그런 것이 뉴질랜드가 가진 '자산'이 될 수 있다고 밝혔다.,그,3
비록 내가 살았던 골목은 아니지만 그 비슷한 골목을 통해 밀려오는 옛 기억을 하나하나 떠올릴 때는 가슴이 뭉클해지기까지 했다.,내,3
그는 다나카가 전에 근무하던 세이토 중학교에서 교무를 담당하였던 인물이다.,그,3
유용한 통찰을 얻어내기 위해 나는 가우스 시대의 이미지를 훔쳤다.,나,3
그는 혐오표현의 개념을 확립하기 위해 다음의 세 가지 방향으로 이를 규명해 나간다.,그,3
원작에서는 정영이 친자를 희생시키는 매우 고통스러운 결정을 어떻게 내렸는지 또한 어떻게 아내를 어렵게 설득했는지에 대해 거의 언급하지 않는다.,친자,3
AAA의 빈곤 조사 방법은 주로 인터뷰 대상자와의 공감을 확대시켜 끌어내는 그의 독특한 면접 기법과 개방형 질문법(open-ended question)의 활용에 의해 특별한 가치를 발휘하였다.,AAA,3
AAA 총장은 일본 방문을 마친 뒤 중국을 거쳐 모국인 한국을 취임 후 처음으로 방문한 뒤 7일에는 다시 일본에 도착해 홋카이도 도야코에서 개최되는 세계 주요 8개국(G8) 정상회의에 참석할 예정이다.,총장,3
"수없는 시행착오 끝에 BBB 기술진과 AAA 회장의 기술자 출신 답계 ""나일론 물성이 레이온이나 아세테이트와 다르다""는 것을 발견하고 각종 문헌과 자료 검토를 통해 합성 직물의 제작 방법을 연구하기 시작했다.",기술자,3
"그는 ""이는 우한의 보건 시스템이 (코로나19) 의심 환자 모두를 검사할 수 있는 능력을 되찾았다는 점을 의미하는 것일 수도 있다""고 평가했다.",환자,3
AAA1 부장님께서는 다치신 곳은 없으신지요?,부장님,3
"세 번째, 약사 스스로 역할을 조제와 복약 지도 등으로 축소시킨 것이다.",약사,3
공자는 제자들과의 대화에서 직접적으로 무언가를 일러주기보다는 듣는 이가 스스로 깨닫도록 이끌어주고자 하였다.,이,3
그레천 휘트머 미시간 주지사는 다른 주들과 컨소시엄을 구성해 마스크·장갑 같은 의료용 개인보호장비를 구하려 하는 중이라고 밝혔다.,그레천 휘트,3
"피게레스는 사무총장에 나설 용의가 있는지에 대해서는 ""그럴 계획은 없다""고 말했다.",사무총장,3
"""운양집""을 보면 AAA는 치열한 작가의식을 갖고 있었으며 문학과 문학 이론, 예술론이 하나의 유기적 구조를 이루고 있음을 알 수 있다.",AAA,3
팝스타 마이클 잭슨의 공연을 보려는 인파로 교통난이 가중되면서 수입이 줄어든데 울화통이 터진 대만의 한 택시기사가 잭슨에 열광하는 한 팬을 때려 분풀이를 했다고 중국시보가 9일 보도했다.,마이클 잭슨,3
"아나 AAA는 BBB에 ""내 의사 인생을 통틀어 이러한 규모의 감염병 유행은 본 적이 없다""고 말했다.",나,3
"그는 조지타운대 동료인 콜린 히키, 제이크 얼과 함께 올 하반기에 자신들의 주장을 담은 책을 내놓을 예정이다.",제이크 얼,3
그러면서 총리가 여전히 병원에서 상태를 살펴보고 있다고 전했다.,총리,3
"빌 포드 포드사 회장은 언론 질문에 ""이는 그에게 달린 문제""라고 넘어갔다.",빌 포드,3
"2010년 내가 그와 이야기했을 때, 그는 자신이 인식하는 위협의 중대성을 재확인했다.",내,3
내가 들었다면 나는 당신의 지역으로 물건을 보내지 않았을 것입니다.,내,3
>저도 그게 불편할까 봐 안 하고 있었는데 말하시네요.,저,3
